"State","County","Year","Days with AQI","Good Days","Moderate Days","Unhealthy for Sensitive Groups Days","Unhealthy Days","Very Unhealthy Days","Hazardous Days","Max AQI","90th Percentile AQI","Median AQI","Days CO","Days NO2","Days Ozone","Days SO2","Days PM2.5","Days PM10"
"Alabama","Baldwin",2018,205,181,24,0,0,0,0,97,54,38,0,0,161,0,44,0
"Alabama","Clay",2018,86,79,7,0,0,0,0,64,47,29,0,0,0,0,86,0
"Alabama","Colbert",2018,205,181,24,0,0,0,0,93,51,37,0,0,154,0,51,0
"Alabama","DeKalb",2018,238,205,33,0,0,0,0,84,54,38,0,0,204,0,34,0
"Alabama","Elmore",2018,161,142,19,0,0,0,0,71,51,36,0,0,161,0,0,0
"Alabama","Etowah",2018,252,167,84,0,1,0,0,153,62,44,0,0,131,0,121,0
"Alabama","Houston",2018,209,183,26,0,0,0,0,80,54,36,0,0,163,0,46,0
"Alabama","Jefferson",2018,274,120,148,5,1,0,0,156,80,52,1,1,95,28,146,3
"Alabama","Lawrence",2018,20,20,0,0,0,0,0,43,38,20,0,0,0,0,20,0
"Alabama","Madison",2018,181,131,49,1,0,0,0,115,64,42,0,0,80,0,101,0
"Alabama","Mobile",2018,248,194,53,1,0,0,0,105,61,39,0,0,131,10,107,0
"Alabama","Montgomery",2018,212,110,102,0,0,0,0,93,67,48,0,0,41,0,171,0
"Alabama","Morgan",2018,253,198,55,0,0,0,0,100,56,40,0,0,122,0,131,0
"Alabama","Russell",2018,253,175,78,0,0,0,0,99,62,43,0,0,84,0,169,0
"Alabama","Shelby",2018,272,241,27,4,0,0,0,124,51,33,0,0,178,94,0,0
"Alabama","Sumter",2018,243,222,21,0,0,0,0,77,49,33,0,0,163,9,71,0
"Alabama","Tuscaloosa",2018,247,193,53,1,0,0,0,115,58,41,0,0,143,0,104,0
"Alaska","Aleutians East ",2018,20,20,0,0,0,0,0,23,22,13,0,0,0,0,20,0
"Alaska","Anchorage ",2018,181,140,41,0,0,0,0,87,59,27,1,0,0,0,94,86
"Alaska","Bethel ",2018,25,24,1,0,0,0,0,54,44,19,0,0,0,0,0,25
"Alaska","Denali ",2018,242,239,3,0,0,0,0,58,44,37,0,0,242,0,0,0
"Alaska","Fairbanks North Star ",2018,182,132,30,14,6,0,0,154,107,35,1,28,72,0,79,2
"Alaska","Juneau ",2018,174,145,29,0,0,0,0,83,56,20,0,0,0,0,170,4
"Alaska","Kenai Peninsula ",2018,20,20,0,0,0,0,0,13,12,5,0,0,0,0,20,0
"Alaska","Matanuska-Susitna ",2018,181,160,19,2,0,0,0,117,52,31,0,0,132,0,40,9
"Arizona","Apache",2018,267,263,4,0,0,0,0,55,28,13,0,0,0,0,18,249
"Arizona","Cochise",2018,273,190,83,0,0,0,0,90,67,46,0,0,215,0,25,33
"Arizona","Coconino",2018,273,154,116,3,0,0,0,126,80,49,0,0,272,0,1,0
"Arizona","Gila",2018,273,56,144,66,7,0,0,184,117,76,0,0,119,139,0,15
"Arizona","La Paz",2018,272,172,97,3,0,0,0,105,74,48,0,0,259,0,7,6
"Arizona","Maricopa",2018,274,23,193,51,4,3,0,249,119,75,1,6,163,0,27,77
"Arizona","Mohave",2018,270,258,12,0,0,0,0,82,38,19,0,0,0,0,1,269
"Arizona","Navajo",2018,269,168,99,2,0,0,0,115,80,47,0,0,235,0,0,34
"Arizona","Pima",2018,274,119,144,11,0,0,0,129,87,54,1,0,200,0,15,58
"Arizona","Pinal",2018,273,66,171,31,1,2,0,996,105,68,0,0,148,0,15,110
"Arizona","Santa Cruz",2018,273,241,31,0,1,0,0,183,53,30,0,0,0,0,145,128
"Arizona","Yavapai",2018,273,200,72,1,0,0,0,101,64,45,0,0,273,0,0,0
"Arizona","Yuma",2018,273,158,99,15,1,0,0,169,88,48,0,0,183,0,21,69
"Arkansas","Arkansas",2018,87,68,19,0,0,0,0,90,55,35,0,0,0,0,87,0
"Arkansas","Ashley",2018,90,75,14,1,0,0,0,103,58,33,0,0,0,0,90,0
"Arkansas","Clark",2018,241,222,19,0,0,0,0,87,49,36,0,0,241,0,0,0
"Arkansas","Craighead",2018,59,45,14,0,0,0,0,72,56,36,0,0,0,0,59,0
"Arkansas","Crittenden",2018,273,203,67,3,0,0,0,115,64,43,0,6,159,0,108,0
"Arkansas","Garland",2018,90,71,19,0,0,0,0,86,54,34,0,0,0,0,90,0
"Arkansas","Jackson",2018,91,77,14,0,0,0,0,71,54,33,0,0,0,0,91,0
"Arkansas","Newton",2018,273,248,25,0,0,0,0,84,50,38,0,0,272,0,1,0
"Arkansas","Polk",2018,271,231,40,0,0,0,0,93,58,41,0,0,234,0,37,0
"Arkansas","Pulaski",2018,274,183,89,2,0,0,0,122,64,45,1,0,122,0,151,0
"Arkansas","Union",2018,273,188,82,3,0,0,0,122,61,41,0,0,0,0,273,0
"Arkansas","Washington",2018,273,184,89,0,0,0,0,87,71,45,0,0,166,0,107,0
"California","Alameda",2018,182,95,86,1,0,0,0,110,67,49,1,5,44,0,132,0
"California","Amador",2018,181,163,18,0,0,0,0,93,50,38,0,0,181,0,0,0
"California","Butte",2018,187,105,79,3,0,0,0,126,77,48,0,0,121,0,65,1
"California","Calaveras",2018,180,89,91,0,0,0,0,97,64,51,0,0,62,0,118,0
"California","Colusa",2018,270,197,56,6,11,0,0,183,77,41,0,0,122,0,141,7
"California","Contra Costa",2018,182,107,73,2,0,0,0,145,62,48,1,0,51,0,130,0
"California","Del Norte",2018,115,101,14,0,0,0,0,77,53,28,0,0,0,0,115,0
"California","El Dorado",2018,181,135,44,2,0,0,0,115,80,41,0,0,176,0,1,4
"California","Fresno",2018,273,95,121,49,8,0,0,172,119,64,0,3,173,0,95,2
"California","Glenn",2018,181,164,17,0,0,0,0,71,50,35,0,0,139,0,25,17
"California","Humboldt",2018,182,175,7,0,0,0,0,95,44,36,1,0,152,0,23,6
"California","Imperial",2018,186,39,108,32,5,2,0,286,113,67,0,6,81,0,47,52
"California","Inyo",2018,273,128,116,24,3,1,0,624,101,51,0,0,216,0,4,53
"California","Kern",2018,304,120,144,32,8,0,0,174,115,56,0,0,123,0,172,9
"California","Kings",2018,304,85,188,27,4,0,0,175,101,64,0,0,179,0,60,65
"California","Lake",2018,129,129,0,0,0,0,0,48,42,34,0,0,118,0,11,0
"California","Los Angeles",2018,182,22,117,37,6,0,0,185,122,68,1,13,71,0,96,1
"California","Madera",2018,182,112,60,7,3,0,0,165,83,48,1,0,127,0,51,3
"California","Marin",2018,182,162,19,1,0,0,0,123,52,37,1,7,90,0,84,0
"California","Mariposa",2018,243,133,86,21,3,0,0,166,100,48,0,0,207,0,36,0
"California","Mendocino",2018,181,167,14,0,0,0,0,72,46,35,0,0,105,0,72,4
"California","Merced",2018,187,135,44,7,1,0,0,157,75,43,0,1,102,0,78,6
"California","Mono",2018,181,166,9,2,2,0,1,994,46,17,0,0,0,0,61,120
"California","Monterey",2018,274,243,29,2,0,0,0,113,51,39,1,1,158,0,67,47
"California","Napa",2018,182,133,49,0,0,0,0,89,59,43,1,0,65,0,116,0
"California","Nevada",2018,273,175,73,18,7,0,0,190,100,45,0,0,267,0,6,0
"California","Orange",2018,182,107,67,6,2,0,0,157,84,48,1,15,112,0,54,0
"California","Placer",2018,243,128,77,28,7,3,0,210,122,50,0,1,212,0,29,1
"California","Plumas",2018,179,125,51,3,0,0,0,129,79,26,0,0,0,0,179,0
"California","Riverside",2018,293,80,143,49,17,4,0,241,136,65,0,0,168,0,47,78
"California","Sacramento",2018,187,102,82,3,0,0,0,138,77,48,0,0,92,0,94,1
"California","San Benito",2018,273,228,43,2,0,0,0,105,58,41,0,0,244,0,29,0
"California","San Bernardino",2018,242,29,129,60,23,1,0,221,150,84,0,12,162,0,66,2
"California","San Diego",2018,196,56,128,12,0,0,0,143,94,61,0,1,113,0,67,15
"California","San Francisco",2018,182,144,37,1,0,0,0,111,56,37,1,26,79,0,76,0
"California","San Joaquin",2018,187,108,72,5,2,0,0,157,78,47,0,0,93,0,87,7
"California","San Luis Obispo",2018,273,162,105,6,0,0,0,133,71,48,0,0,157,0,74,42
"California","San Mateo",2018,182,153,29,0,0,0,0,83,54,37,1,15,90,0,76,0
"California","Santa Barbara",2018,213,153,60,0,0,0,0,93,58,46,1,0,156,0,45,11
"California","Santa Clara",2018,182,140,40,2,0,0,0,124,62,42,1,6,96,0,79,0
"California","Santa Cruz",2018,273,260,12,1,0,0,0,114,45,34,0,0,156,0,117,0
"California","Shasta",2018,242,192,36,14,0,0,0,143,74,44,0,0,238,0,3,1
"California","Siskiyou",2018,181,177,4,0,0,0,0,58,45,38,0,0,175,0,6,0
"California","Solano",2018,273,229,42,2,0,0,0,132,54,40,0,1,189,0,83,0
"California","Sonoma",2018,182,168,14,0,0,0,0,84,48,38,1,0,148,0,33,0
"California","Stanislaus",2018,186,115,60,10,1,0,0,155,90,47,0,1,114,0,67,4
"California","Sutter",2018,182,98,80,4,0,0,0,135,71,49,1,0,97,0,83,1
"California","Tehama",2018,187,139,46,2,0,0,0,119,64,41,0,0,110,0,71,6
"California","Trinity",2018,130,78,52,0,0,0,0,98,70,45,0,0,0,0,130,0
"California","Tulare",2018,243,58,99,67,19,0,0,174,147,77,0,0,176,0,67,0
"California","Tuolumne",2018,173,151,22,0,0,0,0,90,58,38,0,0,173,0,0,0
"California","Ventura",2018,273,118,141,13,1,0,0,166,90,53,0,1,164,0,103,5
"California","Yolo",2018,272,214,56,2,0,0,0,147,61,43,0,0,234,0,38,0
"Colorado","Adams",2018,304,161,140,3,0,0,0,130,74,50,0,28,138,0,89,49
"Colorado","Alamosa",2018,206,198,7,0,0,1,0,235,36,19,0,0,0,0,2,204
"Colorado","Arapahoe",2018,282,149,118,14,1,0,0,156,93,49,0,0,266,0,16,0
"Colorado","Archuleta",2018,273,241,32,0,0,0,0,97,51,41,0,0,246,0,0,27
"Colorado","Boulder",2018,301,171,101,28,1,0,0,159,100,48,0,0,251,0,50,0
"Colorado","Clear Creek",2018,187,58,115,13,1,0,0,159,93,61,0,0,187,0,0,0
"Colorado","Delta",2018,122,119,3,0,0,0,0,67,47,38,0,0,64,0,16,42
"Colorado","Denver",2018,304,149,145,10,0,0,0,150,84,51,0,90,138,0,76,0
"Colorado","Douglas",2018,303,156,120,24,3,0,0,156,100,50,0,0,232,0,71,0
"Colorado","El Paso",2018,304,172,124,8,0,0,0,119,84,49,0,0,251,0,52,1
"Colorado","Fremont",2018,19,19,0,0,0,0,0,36,20,15,0,0,0,0,0,19
"Colorado","Garfield",2018,272,187,84,0,1,0,0,151,67,46,0,1,262,0,5,4
"Colorado","Gunnison",2018,242,133,107,1,1,0,0,156,77,50,0,0,230,0,0,12
"Colorado","Jackson",2018,18,18,0,0,0,0,0,8,7,3,0,0,0,0,18,0
"Colorado","Jefferson",2018,273,137,99,35,2,0,0,151,112,50,0,0,273,0,0,0
"Colorado","La Plata",2018,273,161,107,5,0,0,0,108,77,48,0,0,265,0,4,4
"Colorado","Larimer",2018,304,151,126,24,3,0,0,169,100,51,0,0,246,0,58,0
"Colorado","Mesa",2018,304,202,99,3,0,0,0,126,71,45,0,0,236,0,68,0
"Colorado","Moffat",2018,242,173,68,1,0,0,0,108,64,45,0,0,242,0,0,0
"Colorado","Montezuma",2018,261,163,94,4,0,0,0,115,74,47,0,0,261,0,0,0
"Colorado","Montrose",2018,239,170,68,1,0,0,0,122,67,44,0,0,239,0,0,0
"Colorado","Park",2018,56,56,0,0,0,0,0,46,44,38,0,0,42,0,11,3
"Colorado","Pitkin",2018,58,58,0,0,0,0,0,42,27,14,0,0,0,0,2,56
"Colorado","Prowers",2018,201,196,4,1,0,0,0,103,34,19,0,0,0,0,0,201
"Colorado","Pueblo",2018,98,92,5,1,0,0,0,101,41,23,0,0,0,0,74,24
"Colorado","Rio Blanco",2018,243,121,120,2,0,0,0,108,77,51,0,0,219,0,24,0
"Colorado","Routt",2018,190,190,0,0,0,0,0,49,33,17,0,0,0,0,0,190
"Colorado","San Juan",2018,19,19,0,0,0,0,0,8,8,2,0,0,0,0,19,0
"Colorado","San Miguel",2018,63,63,0,0,0,0,0,42,33,16,0,0,0,0,0,63
"Colorado","Weld",2018,304,160,134,10,0,0,0,133,87,50,0,0,198,0,106,0
"Connecticut","Fairfield",2018,182,132,45,5,0,0,0,147,71,43,1,10,113,0,58,0
"Connecticut","Hartford",2018,182,147,33,2,0,0,0,143,60,39,1,6,112,0,60,3
"Connecticut","Litchfield",2018,180,155,23,2,0,0,0,105,54,40,3,0,159,0,18,0
"Connecticut","Middlesex",2018,118,100,14,4,0,0,0,126,61,41,0,0,118,0,0,0
"Connecticut","New Haven",2018,182,142,36,4,0,0,0,140,67,42,1,10,113,0,58,0
"Connecticut","New London",2018,181,165,14,2,0,0,0,115,50,38,0,0,116,0,65,0
"Connecticut","Tolland",2018,122,109,10,3,0,0,0,140,54,40,0,0,122,0,0,0
"Connecticut","Windham",2018,239,213,20,6,0,0,0,129,54,38,0,0,239,0,0,0
"Country Of Mexico","BAJA CALIFORNIA NORTE",2018,127,13,78,25,10,0,1,369,150,73,0,0,0,0,99,28
"Country Of Mexico","SONORA",2018,270,225,42,3,0,0,0,119,58,39,0,0,270,0,0,0
"Delaware","Kent",2018,304,258,44,2,0,0,0,133,58,39,0,0,253,0,51,0
"Delaware","New Castle",2018,305,220,79,6,0,0,0,150,71,42,1,2,214,1,87,0
"Delaware","Sussex",2018,304,248,52,4,0,0,0,140,58,41,0,0,272,0,32,0
"District Of Columbia","District of Columbia",2018,305,203,100,2,0,0,0,122,64,44,0,6,90,0,209,0
"Florida","Alachua",2018,181,152,29,0,0,0,0,90,57,37,0,0,139,0,42,0
"Florida","Baker",2018,180,161,19,0,0,0,0,87,51,35,0,0,180,0,0,0
"Florida","Bay",2018,181,147,34,0,0,0,0,100,58,41,0,0,117,0,64,0
"Florida","Brevard",2018,181,154,26,1,0,0,0,129,58,40,0,0,153,0,28,0
"Florida","Broward",2018,274,205,69,0,0,0,0,100,61,41,1,9,112,0,152,0
"Florida","Citrus",2018,180,152,28,0,0,0,0,70,53,35,0,0,0,16,164,0
"Florida","Collier",2018,181,150,31,0,0,0,0,80,56,39,0,0,122,0,59,0
"Florida","Columbia",2018,176,140,35,1,0,0,0,111,63,39,0,0,126,0,50,0
"Florida","Duval",2018,274,204,67,2,1,0,0,155,63,41,1,0,125,0,141,7
"Florida","Escambia",2018,181,147,34,0,0,0,0,93,61,40,0,0,172,0,9,0
"Florida","Flagler",2018,164,150,14,0,0,0,0,77,50,37,0,0,164,0,0,0
"Florida","Hamilton",2018,177,156,21,0,0,0,0,65,52,33,0,0,0,15,162,0
"Florida","Highlands",2018,177,163,13,1,0,0,0,108,50,36,0,0,177,0,0,0
"Florida","Hillsborough",2018,274,180,90,4,0,0,0,122,64,43,1,0,124,6,141,2
"Florida","Holmes",2018,180,142,38,0,0,0,0,79,61,40,0,0,128,0,52,0
"Florida","Indian River",2018,235,205,29,1,0,0,0,101,54,39,0,0,235,0,0,0
"Florida","Lake",2018,180,151,28,1,0,0,0,101,61,37,0,0,180,0,0,0
"Florida","Lee",2018,181,148,32,1,0,0,0,112,61,38,0,0,146,0,35,0
"Florida","Leon",2018,180,129,51,0,0,0,0,97,60,40,0,0,98,0,82,0
"Florida","Liberty",2018,241,230,11,0,0,0,0,71,47,33,0,0,241,0,0,0
"Florida","Manatee",2018,273,241,30,2,0,0,0,119,51,34,0,0,273,0,0,0
"Florida","Marion",2018,181,152,29,0,0,0,0,90,55,37,0,0,128,0,53,0
"Florida","Martin",2018,181,158,22,1,0,0,0,112,53,38,0,0,135,0,46,0
"Florida","Miami-Dade",2018,274,209,61,4,0,0,0,126,59,42,1,10,97,0,165,1
"Florida","Nassau",2018,181,159,20,2,0,0,0,106,53,33,0,0,0,14,167,0
"Florida","Okaloosa",2018,180,155,25,0,0,0,0,80,54,37,0,0,173,0,0,7
"Florida","Orange",2018,274,232,40,1,1,0,0,151,54,37,1,0,213,0,60,0
"Florida","Osceola",2018,181,150,30,1,0,0,0,126,64,37,0,0,181,0,0,0
"Florida","Palm Beach",2018,181,152,29,0,0,0,0,91,58,40,0,0,131,0,37,13
"Florida","Pasco",2018,181,145,34,2,0,0,0,129,61,39,0,0,181,0,0,0
"Florida","Pinellas",2018,274,226,48,0,0,0,0,100,55,39,1,0,165,0,108,0
"Florida","Polk",2018,181,147,32,2,0,0,0,112,64,39,0,0,143,0,38,0
"Florida","Putnam",2018,161,160,1,0,0,0,0,51,25,14,0,0,0,32,0,129
"Florida","Santa Rosa",2018,179,142,37,0,0,0,0,90,61,42,0,0,121,0,58,0
"Florida","Sarasota",2018,273,221,52,0,0,0,0,97,61,38,0,0,172,0,101,0
"Florida","Seminole",2018,181,145,34,2,0,0,0,150,61,39,0,0,158,0,23,0
"Florida","St. Lucie",2018,177,159,18,0,0,0,0,100,51,38,0,0,177,0,0,0
"Florida","Volusia",2018,181,153,28,0,0,0,0,80,61,40,0,0,139,0,42,0
"Florida","Wakulla",2018,181,136,45,0,0,0,0,98,61,38,1,0,113,2,65,0
"Georgia","Bibb",2018,243,202,40,1,0,0,0,106,58,37,0,0,143,7,93,0
"Georgia","Charlton",2018,20,19,1,0,0,0,0,60,43,20,0,0,0,0,20,0
"Georgia","Chatham",2018,243,204,39,0,0,0,0,75,53,38,0,0,92,34,117,0
"Georgia","Chattooga",2018,184,164,20,0,0,0,0,87,51,38,0,0,184,0,0,0
"Georgia","Clarke",2018,210,165,43,2,0,0,0,105,61,41,0,0,134,0,76,0
"Georgia","Clayton",2018,58,47,11,0,0,0,0,64,54,33,0,0,0,0,58,0
"Georgia","Cobb",2018,204,160,44,0,0,0,0,100,61,42,0,0,173,0,31,0
"Georgia","Coffee",2018,55,52,3,0,0,0,0,65,42,23,0,0,0,0,55,0
"Georgia","Columbia",2018,184,163,21,0,0,0,0,90,54,39,0,0,184,0,0,0
"Georgia","Dawson",2018,184,161,21,2,0,0,0,108,51,36,0,0,184,0,0,0
"Georgia","DeKalb",2018,244,170,74,0,0,0,0,100,62,43,1,13,117,0,113,0
"Georgia","Dougherty",2018,208,157,50,1,0,0,0,137,58,32,0,0,0,0,208,0
"Georgia","Douglas",2018,181,157,24,0,0,0,0,93,54,39,0,0,181,0,0,0
"Georgia","Floyd",2018,243,159,84,0,0,0,0,80,61,40,0,0,0,34,209,0
"Georgia","Fulton",2018,242,141,97,4,0,0,0,133,71,46,0,11,116,1,114,0
"Georgia","Glynn",2018,200,183,17,0,0,0,0,74,49,36,0,0,178,0,22,0
"Georgia","Gwinnett",2018,236,163,73,0,0,0,0,87,64,44,0,0,124,0,112,0
"Georgia","Hall",2018,178,153,25,0,0,0,0,68,54,30,0,0,0,0,178,0
"Georgia","Henry",2018,237,187,47,3,0,0,0,115,61,38,0,0,146,0,91,0
"Georgia","Houston",2018,183,139,42,2,0,0,0,108,59,37,0,0,0,0,183,0
"Georgia","Lowndes",2018,169,138,31,0,0,0,0,81,58,35,0,0,0,0,169,0
"Georgia","Murray",2018,186,157,29,0,0,0,0,100,54,41,0,0,167,0,19,0
"Georgia","Muscogee",2018,243,196,47,0,0,0,0,98,58,37,0,0,139,0,104,0
"Georgia","Pike",2018,166,154,11,1,0,0,0,115,48,35,0,0,166,0,0,0
"Georgia","Richmond",2018,243,173,66,4,0,0,0,150,61,42,0,0,105,14,118,6
"Georgia","Rockdale",2018,182,141,39,2,0,0,0,112,64,40,0,0,182,0,0,0
"Georgia","Sumter",2018,183,161,22,0,0,0,0,80,54,36,0,0,183,0,0,0
"Georgia","Walker",2018,197,148,49,0,0,0,0,67,56,37,0,0,0,0,197,0
"Georgia","Washington",2018,60,51,9,0,0,0,0,67,52,31,0,0,0,0,60,0
"Hawaii","Hawaii",2018,243,13,62,64,99,5,0,249,200,130,0,0,0,202,41,0
"Hawaii","Honolulu",2018,244,239,5,0,0,0,0,75,42,30,2,0,164,15,62,1
"Hawaii","Kauai",2018,243,243,0,0,0,0,0,48,29,15,0,134,0,0,109,0
"Hawaii","Maui",2018,238,236,2,0,0,0,0,56,32,20,0,0,0,0,238,0
"Idaho","Ada",2018,182,160,21,1,0,0,0,102,54,40,4,0,156,0,20,2
"Idaho","Bannock",2018,304,263,37,3,1,0,0,151,55,30,0,0,0,94,136,74
"Idaho","Benewah",2018,180,129,51,0,0,0,0,100,61,32,0,0,0,0,180,0
"Idaho","Blaine",2018,181,180,1,0,0,0,0,55,17,8,0,0,0,0,181,0
"Idaho","Boise",2018,181,140,41,0,0,0,0,77,57,32,0,0,0,0,181,0
"Idaho","Bonner",2018,179,178,1,0,0,0,0,61,41,29,0,0,0,0,169,10
"Idaho","Bonneville",2018,181,180,1,0,0,0,0,54,33,20,0,0,0,0,181,0
"Idaho","Butte",2018,241,197,41,3,0,0,0,115,61,44,0,0,241,0,0,0
"Idaho","Canyon",2018,181,171,9,1,0,0,0,101,38,20,0,0,0,0,137,44
"Idaho","Caribou",2018,179,178,1,0,0,0,0,55,19,1,0,0,0,179,0,0
"Idaho","Custer",2018,19,19,0,0,0,0,0,8,7,3,0,0,0,0,19,0
"Idaho","Franklin",2018,154,145,9,0,0,0,0,81,38,15,0,0,0,0,154,0
"Idaho","Idaho",2018,242,216,25,1,0,0,0,115,51,39,0,0,209,0,33,0
"Idaho","Jerome",2018,222,195,22,5,0,0,0,145,55,18,0,0,0,0,222,0
"Idaho","Kootenai",2018,148,147,1,0,0,0,0,57,33,22,0,0,0,0,148,0
"Idaho","Latah",2018,181,180,1,0,0,0,0,53,19,7,0,0,0,0,181,0
"Idaho","Lemhi",2018,179,141,36,2,0,0,0,116,67,20,0,0,0,0,179,0
"Idaho","Nez Perce",2018,181,173,8,0,0,0,0,83,38,13,0,0,0,0,181,0
"Idaho","Shoshone",2018,181,117,61,3,0,0,0,115,72,40,0,0,0,0,176,5
"Idaho","Twin Falls",2018,172,164,8,0,0,0,0,66,41,30,0,0,0,0,172,0
"Idaho","Valley",2018,169,158,10,1,0,0,0,108,48,17,0,0,0,0,169,0
"Illinois","Adams",2018,214,197,17,0,0,0,0,87,50,37,0,0,214,0,0,0
"Illinois","Champaign",2018,273,206,63,4,0,0,0,112,64,43,0,0,182,0,91,0
"Illinois","Clark",2018,237,215,21,1,0,0,0,101,50,37,0,0,237,0,0,0
"Illinois","Cook",2018,274,101,155,14,4,0,0,177,89,56,1,36,115,0,120,2
"Illinois","DuPage",2018,272,170,98,4,0,0,0,112,70,45,0,0,125,0,147,0
"Illinois","Effingham",2018,214,183,30,1,0,0,0,112,54,41,0,0,214,0,0,0
"Illinois","Hamilton",2018,270,203,64,3,0,0,0,105,64,42,0,0,151,0,119,0
"Illinois","Jersey",2018,264,196,65,3,0,0,0,122,67,43,0,0,171,0,93,0
"Illinois","Jo Daviess",2018,224,203,19,2,0,0,0,119,50,38,0,0,224,0,0,0
"Illinois","Kane",2018,272,213,54,5,0,0,0,122,64,41,0,0,240,0,32,0
"Illinois","La Salle",2018,273,271,2,0,0,0,0,62,6,1,0,0,0,273,0,0
"Illinois","Lake",2018,261,213,40,6,2,0,0,164,71,40,0,0,261,0,0,0
"Illinois","Macon",2018,273,139,125,9,0,0,0,126,76,50,0,0,102,53,118,0
"Illinois","Macoupin",2018,272,239,30,3,0,0,0,115,51,38,0,27,214,31,0,0
"Illinois","Madison",2018,273,146,118,7,2,0,0,154,77,49,0,0,150,0,120,3
"Illinois","McHenry",2018,272,184,80,8,0,0,0,122,71,44,0,0,204,0,68,0
"Illinois","McLean",2018,273,178,94,1,0,0,0,108,64,44,0,0,152,0,121,0
"Illinois","Monroe",2018,181,181,0,0,0,0,0,41,10,3,0,0,0,181,0,0
"Illinois","Peoria",2018,273,183,87,3,0,0,0,101,64,45,0,0,166,0,107,0
"Illinois","Randolph",2018,273,204,68,1,0,0,0,129,62,44,0,0,157,0,116,0
"Illinois","Rock Island",2018,273,189,83,1,0,0,0,101,62,44,0,0,152,0,121,0
"Illinois","Saint Clair",2018,274,183,86,4,1,0,0,174,67,46,1,3,130,0,140,0
"Illinois","Sangamon",2018,272,181,90,1,0,0,0,122,67,44,0,0,164,0,108,0
"Illinois","Tazewell",2018,273,273,0,0,0,0,0,27,7,1,0,0,0,273,0,0
"Illinois","Wabash",2018,271,269,2,0,0,0,0,60,14,1,0,0,0,271,0,0
"Illinois","Will",2018,273,171,98,4,0,0,0,126,71,46,0,0,144,0,129,0
"Illinois","Winnebago",2018,270,224,43,2,1,0,0,151,61,40,0,0,258,0,12,0
"Indiana","Allen",2018,273,209,58,6,0,0,0,122,64,42,0,0,203,0,70,0
"Indiana","Bartholomew",2018,252,185,63,4,0,0,0,108,64,43,0,0,171,0,81,0
"Indiana","Boone",2018,243,205,33,5,0,0,0,112,64,37,0,0,243,0,0,0
"Indiana","Brown",2018,241,217,24,0,0,0,0,97,50,38,0,0,241,0,0,0
"Indiana","Carroll",2018,242,220,19,3,0,0,0,115,50,36,0,0,242,0,0,0
"Indiana","Clark",2018,270,219,47,4,0,0,0,122,61,39,0,0,236,0,34,0
"Indiana","Daviess",2018,255,255,0,0,0,0,0,21,7,0,0,0,0,255,0,0
"Indiana","Delaware",2018,249,213,32,4,0,0,0,129,61,39,0,0,217,0,32,0
"Indiana","Dubois",2018,89,72,17,0,0,0,0,87,57,32,0,0,0,0,86,3
"Indiana","Elkhart",2018,271,219,49,3,0,0,0,105,59,39,0,0,179,0,92,0
"Indiana","Floyd",2018,267,224,38,5,0,0,0,143,54,38,0,0,231,13,23,0
"Indiana","Gibson",2018,271,267,4,0,0,0,0,76,23,3,0,0,0,271,0,0
"Indiana","Greene",2018,272,226,43,3,0,0,0,129,60,40,0,0,247,0,25,0
"Indiana","Hamilton",2018,253,191,56,6,0,0,0,129,61,43,0,0,163,0,90,0
"Indiana","Hendricks",2018,243,214,27,2,0,0,0,108,51,37,0,0,243,0,0,0
"Indiana","Henry",2018,86,75,10,1,0,0,0,111,53,30,0,0,0,0,86,0
"Indiana","Howard",2018,249,185,59,5,0,0,0,108,61,42,0,0,161,0,88,0
"Indiana","Huntington",2018,266,245,21,0,0,0,0,97,48,35,0,0,266,0,0,0
"Indiana","Jackson",2018,249,229,20,0,0,0,0,90,49,35,0,0,249,0,0,0
"Indiana","Knox",2018,237,193,40,4,0,0,0,122,64,40,0,0,237,0,0,0
"Indiana","LaPorte",2018,271,213,51,6,1,0,0,161,68,41,0,0,251,0,20,0
"Indiana","Lake",2018,274,156,112,5,1,0,0,151,67,46,1,11,115,1,143,3
"Indiana","Madison",2018,253,178,68,7,0,0,0,136,61,43,0,0,151,0,102,0
"Indiana","Marion",2018,274,147,116,10,1,0,0,156,72,48,3,22,108,0,141,0
"Indiana","Monroe",2018,189,157,32,0,0,0,0,97,57,33,0,0,0,0,189,0
"Indiana","Morgan",2018,273,240,30,3,0,0,0,110,51,37,0,0,229,44,0,0
"Indiana","Perry",2018,258,232,26,0,0,0,0,80,51,38,0,0,258,0,0,0
"Indiana","Pike",2018,273,273,0,0,0,0,0,33,10,1,0,0,0,273,0,0
"Indiana","Porter",2018,273,196,72,4,1,0,0,161,64,43,0,0,188,3,70,12
"Indiana","Posey",2018,272,238,34,0,0,0,0,100,54,38,0,0,272,0,0,0
"Indiana","Shelby",2018,243,215,23,5,0,0,0,112,54,38,0,0,243,0,0,0
"Indiana","Spencer",2018,90,71,19,0,0,0,0,85,57,33,0,0,0,0,90,0
"Indiana","St. Joseph",2018,273,188,78,7,0,0,0,133,67,43,0,2,175,0,96,0
"Indiana","Sullivan",2018,150,119,31,0,0,0,0,91,57,33,0,0,0,0,150,0
"Indiana","Tippecanoe",2018,245,200,45,0,0,0,0,75,54,35,0,0,0,0,245,0
"Indiana","Vanderburgh",2018,273,191,79,3,0,0,0,143,64,43,0,0,171,0,102,0
"Indiana","Vigo",2018,273,186,84,3,0,0,0,115,64,43,0,0,151,20,102,0
"Indiana","Wabash",2018,241,198,38,5,0,0,0,129,64,41,0,0,241,0,0,0
"Indiana","Warrick",2018,273,232,38,3,0,0,0,126,61,39,0,0,273,0,0,0
"Indiana","Whitley",2018,244,203,41,0,0,0,0,81,55,32,0,0,0,0,244,0
"Iowa","Black Hawk",2018,304,207,97,0,0,0,0,81,61,42,0,0,0,0,304,0
"Iowa","Bremer",2018,245,224,19,2,0,0,0,112,50,37,0,0,245,0,0,0
"Iowa","Cerro Gordo",2018,97,97,0,0,0,0,0,46,31,16,0,0,0,0,0,97
"Iowa","Clinton",2018,304,206,98,0,0,0,0,100,64,43,0,0,145,2,157,0
"Iowa","Harrison",2018,245,213,30,2,0,0,0,101,58,39,0,0,245,0,0,0
"Iowa","Johnson",2018,304,246,58,0,0,0,0,79,56,37,0,0,0,0,304,0
"Iowa","Lee",2018,101,84,17,0,0,0,0,76,54,34,0,0,0,0,101,0
"Iowa","Linn",2018,305,206,95,4,0,0,0,129,64,44,1,0,149,3,151,1
"Iowa","Montgomery",2018,304,226,78,0,0,0,0,93,61,40,0,0,149,0,155,0
"Iowa","Muscatine",2018,304,208,96,0,0,0,0,77,61,42,0,0,0,2,301,1
"Iowa","Palo Alto",2018,304,218,84,2,0,0,0,115,62,43,0,0,160,0,144,0
"Iowa","Polk",2018,305,231,72,2,0,0,0,112,61,40,1,4,204,0,96,0
"Iowa","Pottawattamie",2018,106,83,22,1,0,0,0,102,56,33,0,0,0,0,97,9
"Iowa","Scott",2018,305,138,163,4,0,0,0,108,71,52,1,0,63,0,158,83
"Iowa","Van Buren",2018,298,225,73,0,0,0,0,100,59,39,0,0,178,0,120,0
"Iowa","Woodbury",2018,101,90,11,0,0,0,0,92,53,32,0,0,0,0,101,0
"Kansas","Chase",2018,20,20,0,0,0,0,0,46,43,20,0,0,0,0,20,0
"Kansas","Ford",2018,180,175,4,1,0,0,0,129,35,19,0,0,0,0,0,180
"Kansas","Johnson",2018,179,149,30,0,0,0,0,87,59,40,0,0,141,0,38,0
"Kansas","Leavenworth",2018,179,151,28,0,0,0,0,100,64,37,0,0,179,0,0,0
"Kansas","Neosho",2018,181,152,29,0,0,0,0,87,58,40,0,0,158,0,19,4
"Kansas","Sedgwick",2018,181,122,59,0,0,0,0,100,64,44,0,9,115,0,25,32
"Kansas","Shawnee",2018,181,123,58,0,0,0,0,99,63,45,0,0,86,0,95,0
"Kansas","Sherman",2018,174,169,5,0,0,0,0,91,32,14,0,0,0,0,0,174
"Kansas","Sumner",2018,181,146,35,0,0,0,0,90,61,41,0,0,158,0,19,4
"Kansas","Trego",2018,181,140,40,1,0,0,0,130,61,43,0,1,162,1,16,1
"Kansas","Wyandotte",2018,181,120,61,0,0,0,0,100,67,44,0,5,98,0,78,0
"Kentucky","Bell",2018,92,77,15,0,0,0,0,84,58,43,0,0,61,0,31,0
"Kentucky","Boone",2018,60,55,5,0,0,0,0,61,49,40,0,0,60,0,0,0
"Kentucky","Boyd",2018,161,142,19,0,0,0,0,84,51,38,0,5,55,0,98,3
"Kentucky","Bullitt",2018,58,52,6,0,0,0,0,58,51,39,0,0,58,0,0,0
"Kentucky","Campbell",2018,148,131,17,0,0,0,0,70,52,37,0,4,48,1,95,0
"Kentucky","Carter",2018,120,107,13,0,0,0,0,80,54,36,0,0,55,0,64,1
"Kentucky","Christian",2018,117,100,17,0,0,0,0,76,55,40,0,0,58,0,59,0
"Kentucky","Daviess",2018,161,132,29,0,0,0,0,79,56,39,0,16,42,1,102,0
"Kentucky","Edmonson",2018,244,223,21,0,0,0,0,87,50,39,2,0,211,1,30,0
"Kentucky","Fayette",2018,152,138,14,0,0,0,0,61,50,36,0,7,50,0,91,4
"Kentucky","Greenup",2018,120,118,2,0,0,0,0,58,43,27,0,0,60,60,0,0
"Kentucky","Hancock",2018,32,32,0,0,0,0,0,47,45,37,0,0,32,0,0,0
"Kentucky","Hardin",2018,153,135,18,0,0,0,0,77,53,39,0,0,50,0,103,0
"Kentucky","Henderson",2018,161,119,33,9,0,0,0,120,67,40,0,0,34,24,102,1
"Kentucky","Jefferson",2018,182,111,67,4,0,0,0,147,74,45,1,10,94,0,77,0
"Kentucky","Jessamine",2018,117,111,6,0,0,0,0,64,45,31,0,0,61,56,0,0
"Kentucky","Livingston",2018,90,85,5,0,0,0,0,61,48,35,0,0,61,0,0,29
"Kentucky","McCracken",2018,157,111,46,0,0,0,0,74,58,42,0,1,36,0,118,2
"Kentucky","Morgan",2018,243,217,26,0,0,0,0,80,51,37,0,0,243,0,0,0
"Kentucky","Oldham",2018,61,57,4,0,0,0,0,58,49,40,0,0,61,0,0,0
"Kentucky","Perry",2018,139,117,22,0,0,0,0,74,54,39,0,0,44,0,95,0
"Kentucky","Pike",2018,155,136,19,0,0,0,0,84,54,36,0,0,48,0,107,0
"Kentucky","Pulaski",2018,122,105,17,0,0,0,0,67,52,39,0,0,60,0,62,0
"Kentucky","Simpson",2018,60,55,5,0,0,0,0,67,49,39,0,0,60,0,0,0
"Kentucky","Trigg",2018,227,204,23,0,0,0,0,87,51,39,0,0,227,0,0,0
"Kentucky","Warren",2018,155,133,22,0,0,0,0,74,53,38,0,0,44,0,111,0
"Kentucky","Washington",2018,239,206,33,0,0,0,0,77,54,39,0,0,239,0,0,0
"Louisiana","Ascension",2018,273,235,35,3,0,0,0,122,54,33,0,3,270,0,0,0
"Louisiana","Bossier",2018,273,216,57,0,0,0,0,96,67,39,0,0,213,0,57,3
"Louisiana","Caddo",2018,270,205,63,2,0,0,0,128,64,40,0,0,222,0,48,0
"Louisiana","Calcasieu",2018,273,154,113,6,0,0,0,108,71,48,0,1,86,4,182,0
"Louisiana","East Baton Rouge",2018,274,178,86,10,0,0,0,126,73,44,1,1,134,2,135,1
"Louisiana","Iberville",2018,273,206,59,7,1,0,0,153,71,40,0,0,245,0,28,0
"Louisiana","Jefferson",2018,273,194,78,1,0,0,0,101,65,43,0,1,129,0,143,0
"Louisiana","Lafayette",2018,273,188,85,0,0,0,0,97,64,42,0,0,146,0,127,0
"Louisiana","Lafourche",2018,272,244,28,0,0,0,0,90,51,34,0,0,235,0,37,0
"Louisiana","Livingston",2018,273,198,75,0,0,0,0,100,63,41,0,0,142,0,131,0
"Louisiana","Orleans",2018,274,213,61,0,0,0,0,85,60,37,1,28,0,0,241,4
"Louisiana","Ouachita",2018,271,247,24,0,0,0,0,100,48,35,0,0,231,0,40,0
"Louisiana","Pointe Coupee",2018,264,236,28,0,0,0,0,97,51,32,0,0,264,0,0,0
"Louisiana","Rapides",2018,88,72,16,0,0,0,0,91,59,33,0,0,0,0,88,0
"Louisiana","St. Bernard",2018,273,176,94,3,0,0,0,112,68,42,0,0,157,2,113,1
"Louisiana","St. Charles",2018,273,266,6,1,0,0,0,110,24,3,0,0,0,273,0,0
"Louisiana","St. James",2018,273,259,14,0,0,0,0,93,46,28,0,0,272,1,0,0
"Louisiana","St. John the Baptist",2018,267,245,21,1,0,0,0,108,50,31,0,0,267,0,0,0
"Louisiana","St. Martin",2018,266,236,30,0,0,0,0,97,54,34,0,0,266,0,0,0
"Louisiana","St. Tammany",2018,273,223,49,1,0,0,0,101,61,37,0,0,197,0,76,0
"Louisiana","Tangipahoa",2018,93,78,15,0,0,0,0,78,54,28,0,0,0,0,93,0
"Louisiana","Terrebonne",2018,89,78,11,0,0,0,0,70,53,28,0,0,0,0,89,0
"Louisiana","West Baton Rouge",2018,273,191,79,3,0,0,0,129,64,40,0,6,120,2,145,0
"Maine","Androscoggin",2018,304,281,23,0,0,0,0,84,48,33,0,0,192,0,111,1
"Maine","Aroostook",2018,243,208,34,0,1,0,0,170,55,39,0,0,143,0,100,0
"Maine","Cumberland",2018,305,269,36,0,0,0,0,100,53,37,1,13,230,0,59,2
"Maine","Hancock",2018,305,279,25,1,0,0,0,122,49,39,1,0,294,0,10,0
"Maine","Kennebec",2018,297,281,16,0,0,0,0,90,47,32,0,66,218,1,9,3
"Maine","Knox",2018,219,209,9,1,0,0,0,112,45,36,0,0,219,0,0,0
"Maine","Oxford",2018,298,265,33,0,0,0,0,93,52,34,0,0,182,0,116,0
"Maine","Penobscot",2018,304,279,25,0,0,0,0,97,49,34,0,0,197,0,104,3
"Maine","Washington",2018,274,262,11,1,0,0,0,122,47,38,0,0,274,0,0,0
"Maine","York",2018,227,207,18,2,0,0,0,119,49,40,0,0,227,0,0,0
"Maryland","Allegany",2018,181,139,25,14,3,0,0,200,100,13,0,0,0,181,0,0
"Maryland","Anne Arundel",2018,291,217,65,9,0,0,0,140,74,39,0,0,237,45,0,9
"Maryland","Baltimore",2018,304,229,72,3,0,0,0,115,67,42,0,5,226,0,73,0
"Maryland","Baltimore (City)",2018,267,177,87,3,0,0,0,119,67,44,0,10,99,0,158,0
"Maryland","Calvert",2018,122,95,27,0,0,0,0,100,64,43,0,0,122,0,0,0
"Maryland","Carroll",2018,121,94,27,0,0,0,0,97,64,43,0,0,121,0,0,0
"Maryland","Cecil",2018,301,237,57,7,0,0,0,129,62,40,0,0,191,0,110,0
"Maryland","Charles",2018,119,93,26,0,0,0,0,97,64,44,0,0,119,0,0,0
"Maryland","Dorchester",2018,273,218,53,2,0,0,0,147,64,40,0,0,216,0,57,0
"Maryland","Frederick",2018,122,93,29,0,0,0,0,97,64,44,0,0,122,0,0,0
"Maryland","Garrett",2018,271,235,36,0,0,0,0,97,54,40,1,0,249,0,21,0
"Maryland","Harford",2018,302,235,57,10,0,0,0,150,67,39,0,0,236,0,66,0
"Maryland","Howard",2018,273,224,49,0,0,0,0,75,55,35,0,49,0,0,224,0
"Maryland","Kent",2018,273,221,50,2,0,0,0,108,58,38,0,0,115,0,158,0
"Maryland","Montgomery",2018,293,238,54,1,0,0,0,112,59,40,0,0,213,0,80,0
"Maryland","Prince George's",2018,304,222,74,7,1,0,0,166,74,42,0,3,258,0,43,0
"Maryland","Washington",2018,300,244,56,0,0,0,0,93,61,40,0,0,203,0,97,0
"Massachusetts","Barnstable",2018,267,246,17,4,0,0,0,133,48,37,0,0,266,0,1,0
"Massachusetts","Berkshire",2018,273,226,46,1,0,0,0,122,55,32,0,0,41,0,232,0
"Massachusetts","Bristol",2018,273,215,48,10,0,0,0,133,61,42,0,0,226,0,47,0
"Massachusetts","Dukes",2018,270,243,24,3,0,0,0,108,51,39,0,0,269,0,1,0
"Massachusetts","Essex",2018,273,225,44,4,0,0,0,115,58,41,0,2,201,0,70,0
"Massachusetts","Franklin",2018,273,236,37,0,0,0,0,100,54,38,0,0,222,0,51,0
"Massachusetts","Hampden",2018,274,209,63,2,0,0,0,126,61,40,1,16,184,0,73,0
"Massachusetts","Hampshire",2018,271,232,37,2,0,0,0,122,54,38,0,5,225,0,41,0
"Massachusetts","Middlesex",2018,273,245,28,0,0,0,0,97,51,37,0,0,229,0,44,0
"Massachusetts","Norfolk",2018,263,248,14,1,0,0,0,105,46,35,0,12,251,0,0,0
"Massachusetts","Plymouth",2018,272,237,32,3,0,0,0,126,54,39,0,0,216,0,56,0
"Massachusetts","Suffolk",2018,274,164,109,1,0,0,0,108,65,46,1,7,52,0,214,0
"Massachusetts","Worcester",2018,274,223,47,4,0,0,0,129,59,40,1,6,210,0,57,0
"Michigan","Allegan",2018,143,113,25,5,0,0,0,150,75,41,0,0,117,0,26,0
"Michigan","Bay",2018,177,164,13,0,0,0,0,63,48,28,0,0,0,0,177,0
"Michigan","Benzie",2018,122,103,17,1,1,0,0,154,58,42,0,0,122,0,0,0
"Michigan","Berrien",2018,122,98,18,6,0,0,0,126,71,43,0,0,122,0,0,0
"Michigan","Cass",2018,121,95,20,6,0,0,0,119,67,44,0,0,121,0,0,0
"Michigan","Chippewa",2018,92,83,9,0,0,0,0,70,49,37,0,0,17,0,75,0
"Michigan","Clinton",2018,122,100,18,4,0,0,0,143,74,43,0,0,122,0,0,0
"Michigan","Genesee",2018,179,144,32,3,0,0,0,122,64,39,0,0,113,0,66,0
"Michigan","Huron",2018,118,102,14,2,0,0,0,122,58,40,0,0,118,0,0,0
"Michigan","Ingham",2018,158,133,23,2,0,0,0,147,56,38,0,0,102,0,56,0
"Michigan","Kalamazoo",2018,176,136,37,3,0,0,0,115,67,43,0,0,107,0,69,0
"Michigan","Kent",2018,198,166,29,3,0,0,0,115,61,40,1,0,129,0,53,15
"Michigan","Keweenaw",2018,20,20,0,0,0,0,0,49,20,11,0,0,0,0,20,0
"Michigan","Lenawee",2018,181,145,33,3,0,0,0,115,67,40,0,0,110,0,71,0
"Michigan","Macomb",2018,155,125,24,6,0,0,0,143,71,40,0,0,137,0,18,0
"Michigan","Manistee",2018,118,106,11,1,0,0,0,112,52,35,0,0,86,0,32,0
"Michigan","Mason",2018,122,104,17,1,0,0,0,133,54,40,0,0,122,0,0,0
"Michigan","Missaukee",2018,182,158,24,0,0,0,0,97,54,41,0,0,171,0,11,0
"Michigan","Monroe",2018,192,191,1,0,0,0,0,59,14,1,0,0,0,151,0,41
"Michigan","Muskegon",2018,121,99,18,3,1,0,0,174,74,42,0,0,121,0,0,0
"Michigan","Oakland",2018,137,106,25,6,0,0,0,140,71,41,0,0,114,0,23,0
"Michigan","Ottawa",2018,197,170,24,3,0,0,0,115,64,38,0,0,120,39,20,18
"Michigan","Schoolcraft",2018,182,165,16,1,0,0,0,101,50,38,0,0,116,0,66,0
"Michigan","St. Clair",2018,212,152,49,10,1,0,0,151,79,41,0,0,79,83,50,0
"Michigan","Tuscola",2018,241,209,31,1,0,0,0,105,58,39,0,0,241,0,0,0
"Michigan","Washtenaw",2018,243,186,52,5,0,0,0,150,70,42,0,0,198,0,45,0
"Michigan","Wayne",2018,273,172,97,4,0,0,0,129,75,44,0,44,51,20,86,72
"Michigan","Wexford",2018,235,209,24,2,0,0,0,122,51,40,0,0,235,0,0,0
"Minnesota","Anoka",2018,182,118,63,1,0,0,0,115,67,44,1,3,109,0,69,0
"Minnesota","Becker",2018,181,159,22,0,0,0,0,100,54,39,0,0,99,0,82,0
"Minnesota","Beltrami",2018,169,164,5,0,0,0,0,58,40,23,0,0,0,0,169,0
"Minnesota","Carlton",2018,179,169,10,0,0,0,0,74,46,31,0,0,78,0,101,0
"Minnesota","Cass",2018,176,159,17,0,0,0,0,77,49,27,0,0,0,0,176,0
"Minnesota","Cook",2018,178,175,3,0,0,0,0,57,29,18,0,0,0,0,178,0
"Minnesota","Crow Wing",2018,179,160,19,0,0,0,0,77,54,40,0,0,97,0,82,0
"Minnesota","Dakota",2018,182,156,26,0,0,0,0,76,53,33,1,39,0,0,142,0
"Minnesota","Goodhue",2018,104,80,23,1,0,0,0,133,61,44,0,0,104,0,0,0
"Minnesota","Hennepin",2018,182,104,77,1,0,0,0,104,64,47,1,8,40,0,81,52
"Minnesota","Lake",2018,181,156,25,0,0,0,0,75,55,42,0,0,93,0,46,42
"Minnesota","Lyon",2018,181,159,22,0,0,0,0,84,52,37,0,0,110,0,71,0
"Minnesota","Mille Lacs",2018,109,90,19,0,0,0,0,74,54,43,0,0,109,0,0,0
"Minnesota","Olmsted",2018,181,142,39,0,0,0,0,87,55,42,0,0,92,0,89,0
"Minnesota","Ramsey",2018,181,140,41,0,0,0,0,79,58,38,0,0,0,0,160,21
"Minnesota","Saint Louis",2018,243,209,34,0,0,0,0,87,54,38,0,0,211,0,24,8
"Minnesota","Scott",2018,173,146,25,2,0,0,0,112,55,40,0,0,152,0,21,0
"Minnesota","Stearns",2018,181,143,37,1,0,0,0,101,61,42,0,0,106,0,75,0
"Minnesota","Washington",2018,181,99,82,0,0,0,0,90,65,48,0,0,47,1,99,34
"Minnesota","Winona",2018,20,18,2,0,0,0,0,61,54,30,0,0,0,0,20,0
"Minnesota","Wright",2018,181,143,35,3,0,0,0,122,64,43,0,0,109,0,72,0
"Mississippi","Bolivar",2018,134,87,45,2,0,0,0,129,74,47,0,0,88,0,46,0
"Mississippi","DeSoto",2018,181,123,55,2,1,0,0,159,61,44,0,0,64,0,117,0
"Mississippi","Forrest",2018,177,138,38,1,0,0,0,119,58,38,0,0,0,0,177,0
"Mississippi","Grenada",2018,51,49,2,0,0,0,0,62,45,26,0,0,0,0,51,0
"Mississippi","Hancock",2018,181,149,31,1,0,0,0,102,60,39,0,0,90,0,91,0
"Mississippi","Harrison",2018,181,138,40,3,0,0,0,115,71,42,0,0,93,0,88,0
"Mississippi","Hinds",2018,182,121,61,0,0,0,0,100,67,46,1,1,92,0,88,0
"Mississippi","Jackson",2018,181,137,42,2,0,0,0,105,61,42,0,0,88,0,93,0
"Mississippi","Lauderdale",2018,122,95,27,0,0,0,0,87,67,41,0,0,122,0,0,0
"Mississippi","Lee",2018,120,103,17,0,0,0,0,80,54,42,0,0,120,0,0,0
"Mississippi","Yalobusha",2018,228,221,7,0,0,0,0,71,46,32,0,0,228,0,0,0
"Missouri","Andrew",2018,122,81,40,1,0,0,0,112,80,44,0,0,122,0,0,0
"Missouri","Boone",2018,122,97,24,1,0,0,0,105,67,43,0,0,122,0,0,0
"Missouri","Buchanan",2018,179,139,40,0,0,0,0,69,56,38,0,0,0,0,153,26
"Missouri","Callaway",2018,122,99,23,0,0,0,0,90,64,42,0,0,122,0,0,0
"Missouri","Cass",2018,181,136,45,0,0,0,0,97,61,42,0,0,100,0,81,0
"Missouri","Cedar",2018,181,143,38,0,0,0,0,84,58,42,0,0,92,0,89,0
"Missouri","Clay",2018,180,132,41,7,0,0,0,147,77,42,0,0,112,0,68,0
"Missouri","Clinton",2018,122,88,33,1,0,0,0,143,77,44,0,0,122,0,0,0
"Missouri","Franklin",2018,181,179,2,0,0,0,0,76,21,3,0,0,0,181,0,0
"Missouri","Greene",2018,181,137,44,0,0,0,0,93,59,43,0,0,94,0,81,6
"Missouri","Iron",2018,181,170,11,0,0,0,0,87,44,19,0,0,0,181,0,0
"Missouri","Jackson",2018,181,148,33,0,0,0,0,70,54,38,0,34,0,0,128,19
"Missouri","Jasper",2018,181,141,40,0,0,0,0,95,60,41,0,0,111,0,0,70
"Missouri","Jefferson",2018,181,133,47,1,0,0,0,101,62,43,0,0,96,2,80,3
"Missouri","Lincoln",2018,122,98,23,1,0,0,0,122,71,43,0,0,122,0,0,0
"Missouri","Monroe",2018,181,157,23,1,0,0,0,105,54,38,0,0,181,0,0,0
"Missouri","New Madrid",2018,181,181,0,0,0,0,0,33,6,1,0,0,0,181,0,0
"Missouri","Perry",2018,122,87,34,1,0,0,0,126,71,43,0,0,122,0,0,0
"Missouri","Saint Charles",2018,181,144,33,4,0,0,0,147,71,41,0,0,120,61,0,0
"Missouri","Saint Louis",2018,181,118,59,4,0,0,0,112,71,45,0,8,88,0,85,0
"Missouri","Sainte Genevieve",2018,122,98,24,0,0,0,0,97,61,43,0,0,122,0,0,0
"Missouri","St. Louis City",2018,181,97,78,5,1,0,0,182,74,49,0,14,73,0,87,7
"Missouri","Stoddard",2018,19,17,2,0,0,0,0,67,60,22,0,0,0,0,19,0
"Missouri","Taney",2018,20,19,1,0,0,0,0,58,37,20,0,0,0,0,20,0
"Montana","Cascade",2018,181,177,4,0,0,0,0,53,38,25,0,0,0,0,181,0
"Montana","Fergus",2018,181,170,11,0,0,0,0,74,48,42,0,0,179,0,1,1
"Montana","Flathead",2018,232,205,27,0,0,0,0,80,51,40,0,0,190,0,25,17
"Montana","Gallatin",2018,244,211,30,3,0,0,0,134,55,24,1,6,0,0,237,0
"Montana","Lake",2018,20,20,0,0,0,0,0,8,7,2,0,0,0,0,20,0
"Montana","Lewis and Clark",2018,211,166,37,6,2,0,0,154,61,44,0,0,137,0,74,0
"Montana","Lincoln",2018,181,123,57,1,0,0,0,104,66,38,0,0,0,0,179,2
"Montana","Missoula",2018,181,115,66,0,0,0,0,92,76,45,0,0,99,0,82,0
"Montana","Phillips",2018,181,169,12,0,0,0,0,64,49,41,0,1,169,0,11,0
"Montana","Powder River",2018,180,158,21,1,0,0,0,108,54,41,0,0,140,0,32,8
"Montana","Powell",2018,19,19,0,0,0,0,0,9,8,3,0,0,0,0,19,0
"Montana","Ravalli",2018,163,148,15,0,0,0,0,87,47,13,0,0,0,0,163,0
"Montana","Richland",2018,181,149,32,0,0,0,0,71,58,43,0,0,173,0,8,0
"Montana","Roosevelt",2018,17,17,0,0,0,0,0,36,25,9,0,0,0,0,17,0
"Montana","Rosebud",2018,181,180,1,0,0,0,0,58,45,40,0,0,174,0,5,2
"Montana","Sanders",2018,181,174,6,1,0,0,0,120,40,23,0,0,0,0,171,10
"Montana","Sheridan",2018,16,16,0,0,0,0,0,39,31,5,0,0,0,0,16,0
"Montana","Silver Bow",2018,191,171,20,0,0,0,0,75,51,15,0,0,0,0,100,91
"Montana","Yellowstone",2018,180,163,17,0,0,0,0,83,48,26,0,0,0,19,161,0
"Nebraska","Cass",2018,284,280,4,0,0,0,0,57,31,16,0,0,0,0,0,284
"Nebraska","Douglas",2018,274,176,94,4,0,0,0,108,71,46,1,0,158,3,109,3
"Nebraska","Hall",2018,84,77,7,0,0,0,0,68,47,26,0,0,0,0,84,0
"Nebraska","Knox",2018,236,208,28,0,0,0,0,93,54,39,0,0,236,0,0,0
"Nebraska","Lancaster",2018,273,238,35,0,0,0,0,78,54,36,0,0,191,41,41,0
"Nebraska","Sarpy",2018,261,209,52,0,0,0,0,93,56,36,0,0,0,0,261,0
"Nebraska","Scotts Bluff",2018,87,79,8,0,0,0,0,71,49,25,0,0,0,0,87,0
"Nebraska","Thomas",2018,18,16,2,0,0,0,0,57,52,8,0,0,0,0,18,0
"Nebraska","Washington",2018,87,75,12,0,0,0,0,94,52,30,0,0,0,0,87,0
"Nevada","Carson City",2018,181,145,36,0,0,0,0,90,58,45,0,0,164,0,17,0
"Nevada","Churchill",2018,155,128,27,0,0,0,0,84,61,44,0,0,155,0,0,0
"Nevada","Clark",2018,274,79,146,48,1,0,0,154,112,67,1,41,189,0,33,10
"Nevada","Douglas",2018,180,174,5,1,0,0,0,122,31,11,0,0,0,0,180,0
"Nevada","Elko",2018,181,179,2,0,0,0,0,96,23,13,0,0,0,0,0,181
"Nevada","Lyon",2018,180,165,15,0,0,0,0,71,50,41,0,0,180,0,0,0
"Nevada","Nye",2018,181,174,7,0,0,0,0,99,32,16,0,0,0,0,0,181
"Nevada","Washoe",2018,274,141,114,19,0,0,0,146,90,50,1,7,223,0,28,15
"Nevada","White Pine",2018,236,148,82,6,0,0,0,108,77,47,0,0,233,0,3,0
"New Hampshire","Belknap",2018,180,167,13,0,0,0,0,80,48,39,0,0,120,0,60,0
"New Hampshire","Cheshire",2018,181,156,25,0,0,0,0,84,56,39,0,0,138,0,43,0
"New Hampshire","Coos",2018,151,112,36,3,0,0,0,115,74,46,0,0,136,0,15,0
"New Hampshire","Grafton",2018,243,226,17,0,0,0,0,90,47,38,0,0,209,0,34,0
"New Hampshire","Hillsborough",2018,182,163,19,0,0,0,0,97,51,41,1,0,175,0,6,0
"New Hampshire","Merrimack",2018,181,173,8,0,0,0,0,87,45,37,0,0,121,60,0,0
"New Hampshire","Rockingham",2018,182,165,16,1,0,0,0,105,50,41,1,0,159,0,22,0
"New Jersey","Atlantic",2018,181,161,19,1,0,0,0,112,54,40,0,0,145,0,36,0
"New Jersey","Bergen",2018,182,97,79,6,0,0,0,122,75,48,2,45,49,0,86,0
"New Jersey","Camden",2018,182,111,69,2,0,0,0,115,66,45,1,3,84,0,94,0
"New Jersey","Cumberland",2018,181,160,21,0,0,0,0,87,52,38,0,6,122,0,53,0
"New Jersey","Essex",2018,182,140,40,2,0,0,0,112,63,40,1,20,97,0,64,0
"New Jersey","Gloucester",2018,139,110,26,3,0,0,0,129,67,41,0,0,117,0,22,0
"New Jersey","Hudson",2018,182,118,60,4,0,0,0,129,70,45,1,55,57,0,69,0
"New Jersey","Hunterdon",2018,175,135,37,3,0,0,0,105,63,41,0,0,124,0,51,0
"New Jersey","Mercer",2018,239,175,58,5,1,0,0,187,71,42,0,0,177,0,62,0
"New Jersey","Middlesex",2018,181,140,38,3,0,0,0,126,61,39,0,13,115,0,53,0
"New Jersey","Monmouth",2018,122,112,10,0,0,0,0,100,47,34,0,0,122,0,0,0
"New Jersey","Morris",2018,181,156,23,2,0,0,0,108,54,38,0,8,165,0,8,0
"New Jersey","Ocean",2018,181,149,28,4,0,0,0,126,61,39,0,0,112,0,69,0
"New Jersey","Passaic",2018,139,115,22,2,0,0,0,115,67,41,0,0,114,0,25,0
"New Jersey","Union",2018,182,124,58,0,0,0,0,95,60,43,2,53,0,0,127,0
"New Jersey","Warren",2018,173,135,37,1,0,0,0,112,63,39,0,16,92,0,65,0
"New Mexico","Bernalillo",2018,273,101,155,16,1,0,0,165,90,58,0,0,215,0,13,45
"New Mexico","Catron",2018,19,19,0,0,0,0,0,8,8,4,0,0,0,0,19,0
"New Mexico","Chaves",2018,20,19,1,0,0,0,0,57,46,14,0,0,0,0,20,0
"New Mexico","Dona Ana",2018,273,151,109,10,3,0,0,187,87,48,0,17,63,0,92,101
"New Mexico","Eddy",2018,181,108,68,3,2,0,0,177,84,49,0,4,177,0,0,0
"New Mexico","Lea",2018,273,174,96,3,0,0,0,143,77,45,0,1,151,0,121,0
"New Mexico","Lincoln",2018,20,20,0,0,0,0,0,16,11,7,0,0,0,0,20,0
"New Mexico","Los Alamos",2018,20,20,0,0,0,0,0,11,11,6,0,0,0,0,20,0
"New Mexico","Luna",2018,270,256,11,3,0,0,0,137,38,19,0,0,0,0,0,270
"New Mexico","Rio Arriba",2018,180,106,72,2,0,0,0,115,84,49,0,0,180,0,0,0
"New Mexico","San Juan",2018,273,143,122,8,0,0,0,112,90,50,0,0,243,0,0,30
"New Mexico","Sandoval",2018,177,108,65,4,0,0,0,105,84,47,0,0,177,0,0,0
"New Mexico","Santa Fe",2018,269,225,41,3,0,0,0,122,64,39,0,0,177,0,92,0
"New Mexico","Socorro",2018,13,13,0,0,0,0,0,15,14,8,0,0,0,0,13,0
"New Mexico","Taos",2018,273,262,11,0,0,0,0,60,37,23,0,0,0,0,273,0
"New Mexico","Valencia",2018,178,112,65,1,0,0,0,101,77,46,0,0,178,0,0,0
"New York","Albany",2018,274,217,55,2,0,0,0,112,60,39,1,0,182,0,91,0
"New York","Bronx",2018,274,204,61,9,0,0,0,150,68,42,1,48,149,0,76,0
"New York","Chautauqua",2018,271,222,45,4,0,0,0,126,67,40,0,0,255,3,13,0
"New York","Dutchess",2018,272,250,20,1,1,0,0,156,49,35,0,0,259,13,0,0
"New York","Erie",2018,274,194,78,2,0,0,0,112,70,42,1,11,176,0,86,0
"New York","Essex",2018,273,227,44,2,0,0,0,108,61,42,0,0,271,0,2,0
"New York","Franklin",2018,271,271,0,0,0,0,0,24,0,0,0,0,0,271,0,0
"New York","Hamilton",2018,268,257,11,0,0,0,0,97,47,36,0,0,265,3,0,0
"New York","Herkimer",2018,248,236,12,0,0,0,0,93,48,36,0,0,245,3,0,0
"New York","Jefferson",2018,270,248,20,2,0,0,0,105,48,36,0,0,270,0,0,0
"New York","Kings",2018,273,241,32,0,0,0,0,80,53,26,0,0,0,0,273,0
"New York","Monroe",2018,274,220,50,4,0,0,0,108,61,38,1,4,180,0,89,0
"New York","Nassau",2018,273,251,22,0,0,0,0,92,48,20,0,0,0,5,268,0
"New York","New York",2018,274,179,84,10,1,0,0,151,71,44,1,0,126,0,147,0
"New York","Niagara",2018,260,234,25,1,0,0,0,101,51,37,0,0,260,0,0,0
"New York","Oneida",2018,272,256,16,0,0,0,0,70,45,18,0,0,0,0,272,0
"New York","Onondaga",2018,273,230,41,2,0,0,0,115,61,38,0,0,244,1,28,0
"New York","Orange",2018,273,232,40,1,0,0,0,147,55,38,0,0,201,0,72,0
"New York","Oswego",2018,260,234,25,1,0,0,0,112,51,36,0,0,260,0,0,0
"New York","Putnam",2018,260,240,18,1,1,0,0,151,49,35,0,0,246,14,0,0
"New York","Queens",2018,274,205,61,8,0,0,0,140,69,41,1,33,152,0,88,0
"New York","Richmond",2018,273,205,62,6,0,0,0,136,67,38,0,0,131,0,142,0
"New York","Rockland",2018,273,228,39,5,0,1,0,210,61,38,0,0,234,0,39,0
"New York","Saratoga",2018,272,252,19,1,0,0,0,119,48,36,0,0,272,0,0,0
"New York","Seneca",2018,272,272,0,0,0,0,0,17,1,0,0,0,0,272,0,0
"New York","St. Lawrence",2018,267,218,40,9,0,0,0,110,81,13,0,0,0,267,0,0
"New York","Steuben",2018,270,240,30,0,0,0,0,87,51,35,2,0,224,0,44,0
"New York","Suffolk",2018,273,218,44,10,1,0,0,172,67,41,0,0,231,0,42,0
"New York","Tompkins",2018,242,211,29,2,0,0,0,101,54,37,0,0,235,7,0,0
"New York","Wayne",2018,208,179,25,4,0,0,0,115,61,39,0,0,208,0,0,0
"New York","Westchester",2018,273,225,36,11,1,0,0,169,71,38,0,0,227,0,46,0
"North Carolina","Alexander",2018,183,149,34,0,0,0,0,100,61,42,0,0,183,0,0,0
"North Carolina","Avery",2018,234,205,29,0,0,0,0,87,54,40,0,0,228,0,6,0
"North Carolina","Beaufort",2018,252,252,0,0,0,0,0,30,11,1,0,0,0,252,0,0
"North Carolina","Brunswick",2018,249,235,13,1,0,0,0,116,29,0,0,0,0,249,0,0
"North Carolina","Buncombe",2018,304,262,42,0,0,0,0,93,54,37,0,0,143,0,161,0
"North Carolina","Caldwell",2018,184,149,35,0,0,0,0,93,64,43,0,0,184,0,0,0
"North Carolina","Carteret",2018,222,202,20,0,0,0,0,77,49,38,0,0,222,0,0,0
"North Carolina","Caswell",2018,183,149,34,0,0,0,0,97,61,42,0,0,183,0,0,0
"North Carolina","Catawba",2018,291,245,46,0,0,0,0,77,55,33,0,0,0,0,291,0
"North Carolina","Cumberland",2018,287,225,62,0,0,0,0,100,59,41,0,0,158,0,110,19
"North Carolina","Davidson",2018,292,233,59,0,0,0,0,73,55,37,0,0,0,0,292,0
"North Carolina","Durham",2018,296,232,64,0,0,0,0,100,57,42,0,0,131,3,152,10
"North Carolina","Edgecombe",2018,293,261,32,0,0,0,0,80,51,35,0,0,144,0,149,0
"North Carolina","Forsyth",2018,273,185,86,2,0,0,0,101,68,44,0,3,165,0,105,0
"North Carolina","Graham",2018,144,114,30,0,0,0,0,93,67,44,0,0,144,0,0,0
"North Carolina","Granville",2018,180,140,40,0,0,0,0,93,64,44,0,0,180,0,0,0
"North Carolina","Guilford",2018,294,227,66,1,0,0,0,105,64,42,0,0,169,0,109,16
"North Carolina","Haywood",2018,273,162,79,26,6,0,0,199,105,47,0,0,140,124,9,0
"North Carolina","Hyde",2018,20,20,0,0,0,0,0,45,25,15,0,0,0,0,20,0
"North Carolina","Jackson",2018,60,54,6,0,0,0,0,66,52,25,0,0,0,0,60,0
"North Carolina","Johnston",2018,290,233,57,0,0,0,0,90,56,40,0,0,133,0,157,0
"North Carolina","Lee",2018,210,145,65,0,0,0,0,83,59,45,0,0,127,0,83,0
"North Carolina","Lenoir",2018,238,209,28,1,0,0,0,108,51,37,0,0,182,0,0,56
"North Carolina","Lincoln",2018,179,139,40,0,0,0,0,90,61,42,0,0,179,0,0,0
"North Carolina","Macon",2018,239,223,16,0,0,0,0,93,48,34,0,0,239,0,0,0
"North Carolina","Martin",2018,230,202,28,0,0,0,0,80,54,38,0,0,184,0,0,46
"North Carolina","Mecklenburg",2018,300,200,95,5,0,0,0,108,71,45,2,3,190,0,104,1
"North Carolina","Mitchell",2018,294,281,13,0,0,0,0,78,45,22,0,0,0,0,294,0
"North Carolina","Montgomery",2018,288,256,32,0,0,0,0,97,51,37,0,0,180,0,108,0
"North Carolina","New Hanover",2018,265,244,21,0,0,0,0,77,48,32,0,0,172,0,93,0
"North Carolina","Person",2018,242,214,28,0,0,0,0,97,54,39,0,0,181,61,0,0
"North Carolina","Pitt",2018,284,247,37,0,0,0,0,87,54,37,0,0,152,0,132,0
"North Carolina","Rockingham",2018,243,200,43,0,0,0,0,90,58,40,0,0,184,59,0,0
"North Carolina","Rowan",2018,230,218,12,0,0,0,0,74,49,39,0,0,230,0,0,0
"North Carolina","Swain",2018,304,258,46,0,0,0,0,80,54,38,0,0,140,0,164,0
"North Carolina","Union",2018,152,108,41,3,0,0,0,122,71,45,0,0,152,0,0,0
"North Carolina","Wake",2018,299,211,87,0,1,0,0,155,62,44,1,0,134,2,162,0
"North Carolina","Yancey",2018,177,134,43,0,0,0,0,84,67,45,0,0,177,0,0,0
"North Dakota","Billings",2018,269,230,39,0,0,0,0,90,58,40,0,0,221,0,48,0
"North Dakota","Burke",2018,269,228,40,1,0,0,0,108,56,39,0,0,246,0,23,0
"North Dakota","Burleigh",2018,272,210,58,2,2,0,0,153,61,40,3,3,143,0,122,1
"North Dakota","Cass",2018,268,227,40,1,0,0,0,121,58,39,0,4,184,0,77,3
"North Dakota","Dunn",2018,257,217,40,0,0,0,0,90,55,39,0,1,202,0,53,1
"North Dakota","McKenzie",2018,263,217,46,0,0,0,0,92,58,42,0,0,222,0,40,1
"North Dakota","Mercer",2018,273,227,41,5,0,0,0,127,62,40,0,4,230,5,33,1
"North Dakota","Oliver",2018,268,213,52,3,0,0,0,122,62,41,0,0,218,0,48,2
"North Dakota","Ward",2018,268,236,29,3,0,0,0,112,54,35,0,0,175,0,82,11
"North Dakota","Williams",2018,273,207,66,0,0,0,0,100,64,41,0,0,163,34,73,3
"Ohio","Adams",2018,241,226,15,0,0,0,0,66,44,24,0,0,0,23,218,0
"Ohio","Allen",2018,243,195,43,5,0,0,0,119,63,41,0,0,164,0,79,0
"Ohio","Ashtabula",2018,243,208,32,3,0,0,0,129,58,38,0,0,182,61,0,0
"Ohio","Athens",2018,55,53,2,0,0,0,0,54,46,29,0,0,0,0,55,0
"Ohio","Belmont",2018,244,233,11,0,0,0,0,62,37,18,1,166,0,1,72,4
"Ohio","Butler",2018,273,191,76,6,0,0,0,140,71,43,0,0,220,4,44,5
"Ohio","Clark",2018,273,184,85,4,0,0,0,140,67,44,0,0,145,3,125,0
"Ohio","Clermont",2018,269,204,63,2,0,0,0,101,64,43,0,0,197,0,72,0
"Ohio","Clinton",2018,184,143,40,1,0,0,0,112,67,43,0,0,184,0,0,0
"Ohio","Columbiana",2018,243,242,1,0,0,0,0,52,12,0,0,0,0,200,0,43
"Ohio","Cuyahoga",2018,244,146,87,11,0,0,0,133,80,45,1,7,153,0,77,6
"Ohio","Delaware",2018,214,182,32,0,0,0,0,100,58,41,0,0,214,0,0,0
"Ohio","Fayette",2018,243,216,27,0,0,0,0,80,54,39,0,0,243,0,0,0
"Ohio","Franklin",2018,274,198,74,2,0,0,0,122,64,43,1,16,174,0,82,1
"Ohio","Gallia",2018,243,236,6,1,0,0,0,124,30,4,0,0,0,243,0,0
"Ohio","Geauga",2018,184,135,40,9,0,0,0,129,80,44,0,0,184,0,0,0
"Ohio","Greene",2018,271,192,78,1,0,0,0,122,61,43,0,0,158,0,113,0
"Ohio","Hamilton",2018,274,134,132,7,1,0,0,159,74,51,1,17,118,0,138,0
"Ohio","Harrison",2018,21,20,1,0,0,0,0,53,46,29,0,0,0,0,20,1
"Ohio","Jefferson",2018,243,138,103,2,0,0,0,108,67,48,0,0,78,21,144,0
"Ohio","Knox",2018,214,177,36,1,0,0,0,115,64,42,0,0,214,0,0,0
"Ohio","Lake",2018,244,178,55,11,0,0,0,138,80,42,1,0,157,5,81,0
"Ohio","Lawrence",2018,243,201,40,2,0,0,0,119,58,41,0,0,144,1,98,0
"Ohio","Licking",2018,214,179,35,0,0,0,0,100,58,41,0,0,214,0,0,0
"Ohio","Lorain",2018,243,196,46,1,0,0,0,101,61,39,0,0,141,0,102,0
"Ohio","Lucas",2018,273,190,73,9,1,0,0,151,70,44,0,0,172,7,94,0
"Ohio","Madison",2018,213,178,34,1,0,0,0,101,61,42,0,0,213,0,0,0
"Ohio","Mahoning",2018,251,203,48,0,0,0,0,90,58,38,0,0,117,0,132,2
"Ohio","Medina",2018,243,183,60,0,0,0,0,100,61,41,0,0,149,0,94,0
"Ohio","Miami",2018,214,176,37,1,0,0,0,140,64,41,0,0,214,0,0,0
"Ohio","Montgomery",2018,274,200,70,4,0,0,0,129,64,43,7,0,171,0,96,0
"Ohio","Morgan",2018,241,240,1,0,0,0,0,52,10,1,0,0,0,241,0,0
"Ohio","Noble",2018,217,193,24,0,0,0,0,97,51,39,0,0,211,0,6,0
"Ohio","Portage",2018,198,155,43,0,0,0,0,100,64,42,0,0,170,0,28,0
"Ohio","Preble",2018,274,192,81,1,0,0,0,107,61,44,1,0,155,0,118,0
"Ohio","Scioto",2018,201,193,8,0,0,0,0,82,40,17,0,0,0,38,70,93
"Ohio","Stark",2018,274,174,97,3,0,0,0,108,71,46,2,0,150,0,122,0
"Ohio","Summit",2018,244,167,76,1,0,0,0,105,64,43,1,0,132,0,111,0
"Ohio","Trumbull",2018,239,181,54,4,0,0,0,108,67,42,0,0,172,0,65,2
"Ohio","Warren",2018,271,187,79,5,0,0,0,136,67,44,0,0,175,0,96,0
"Ohio","Washington",2018,184,156,25,3,0,0,0,105,61,41,0,0,184,0,0,0
"Ohio","Wood",2018,184,152,30,2,0,0,0,115,67,41,0,0,184,0,0,0
"Oklahoma","Adair",2018,182,140,40,2,0,0,0,145,58,42,1,0,120,0,60,1
"Oklahoma","Bryan",2018,259,215,41,3,0,0,0,119,64,41,0,0,259,0,0,0
"Oklahoma","Canadian",2018,299,239,54,6,0,0,0,150,67,39,0,0,299,0,0,0
"Oklahoma","Carter",2018,295,237,56,2,0,0,0,128,56,32,0,0,0,0,295,0
"Oklahoma","Choctaw",2018,211,193,18,0,0,0,0,93,50,40,0,0,211,0,0,0
"Oklahoma","Cleveland",2018,304,197,101,6,0,0,0,121,71,45,0,0,173,0,131,0
"Oklahoma","Comanche",2018,304,224,76,4,0,0,0,122,71,43,0,0,265,0,39,0
"Oklahoma","Creek",2018,300,259,40,1,0,0,0,115,54,37,0,0,300,0,0,0
"Oklahoma","Custer",2018,303,294,8,1,0,0,0,104,31,18,0,0,0,0,0,303
"Oklahoma","Dewey",2018,301,203,91,7,0,0,0,115,77,43,0,0,215,0,86,0
"Oklahoma","Garfield",2018,296,288,8,0,0,0,0,70,21,0,0,0,0,296,0,0
"Oklahoma","Jefferson",2018,241,172,64,4,1,0,0,151,74,44,0,0,241,0,0,0
"Oklahoma","Kay",2018,304,225,77,2,0,0,0,114,60,41,0,0,56,9,239,0
"Oklahoma","Love",2018,239,172,60,7,0,0,0,129,77,44,0,0,239,0,0,0
"Oklahoma","Mayes",2018,304,282,22,0,0,0,0,93,47,13,0,0,119,185,0,0
"Oklahoma","McClain",2018,287,230,54,3,0,0,0,119,67,40,0,0,287,0,0,0
"Oklahoma","Muskogee",2018,304,275,27,2,0,0,0,102,50,19,0,0,0,32,0,272
"Oklahoma","Nowata",2018,293,220,73,0,0,0,0,97,64,43,0,0,163,0,130,0
"Oklahoma","Oklahoma",2018,305,193,103,9,0,0,0,147,77,46,1,12,178,0,111,3
"Oklahoma","Osage",2018,298,242,49,7,0,0,0,143,67,39,0,0,298,0,0,0
"Oklahoma","Ottawa",2018,290,195,94,1,0,0,0,107,63,45,0,0,146,0,139,5
"Oklahoma","Pittsburg",2018,303,228,74,1,0,0,0,108,69,42,0,0,176,0,127,0
"Oklahoma","Sequoyah",2018,209,171,38,0,0,0,0,90,56,40,0,0,90,0,119,0
"Oklahoma","Tulsa",2018,305,161,136,7,1,0,0,192,80,50,1,1,129,0,173,1
"Oklahoma","Washington",2018,8,5,3,0,0,0,0,60,60,43,0,0,2,0,6,0
"Oregon","Clackamas",2018,75,73,2,0,0,0,0,54,44,33,0,0,59,0,16,0
"Oregon","Columbia",2018,60,60,0,0,0,0,0,41,38,33,0,0,60,0,0,0
"Oregon","Crook",2018,53,46,7,0,0,0,0,71,52,23,0,0,0,0,53,0
"Oregon","Harney",2018,58,45,12,1,0,0,0,101,64,25,0,0,0,0,58,0
"Oregon","Jackson",2018,99,90,9,0,0,0,0,80,50,38,0,0,61,0,38,0
"Oregon","Josephine",2018,38,33,5,0,0,0,0,67,55,22,0,0,0,0,38,0
"Oregon","Klamath",2018,59,46,13,0,0,0,0,72,56,22,0,0,0,0,59,0
"Oregon","Lake",2018,48,43,5,0,0,0,0,65,53,20,0,0,0,0,48,0
"Oregon","Lane",2018,273,221,49,2,1,0,0,154,62,35,0,0,102,0,167,4
"Oregon","Marion",2018,61,60,1,0,0,0,0,51,44,36,0,0,61,0,0,0
"Oregon","Multnomah",2018,194,190,4,0,0,0,0,64,42,32,2,21,149,12,10,0
"Oregon","Umatilla",2018,51,45,6,0,0,0,0,71,51,41,0,0,51,0,0,0
"Oregon","Union",2018,19,19,0,0,0,0,0,13,12,5,0,0,0,0,19,0
"Oregon","Wallowa",2018,20,20,0,0,0,0,0,15,10,5,0,0,0,0,20,0
"Oregon","Wasco",2018,76,76,0,0,0,0,0,48,36,29,0,0,61,0,0,15
"Oregon","Washington",2018,181,179,2,0,0,0,0,64,37,27,1,53,105,0,22,0
"Pennsylvania","Adams",2018,240,193,46,1,0,0,0,105,64,43,0,0,194,0,46,0
"Pennsylvania","Allegheny",2018,274,115,139,19,1,0,0,154,93,55,1,0,81,21,171,0
"Pennsylvania","Armstrong",2018,177,148,28,1,0,0,0,143,58,39,0,0,131,0,46,0
"Pennsylvania","Beaver",2018,181,118,59,4,0,0,0,136,75,45,0,2,113,0,66,0
"Pennsylvania","Berks",2018,181,141,39,1,0,0,0,101,63,41,0,0,145,0,36,0
"Pennsylvania","Blair",2018,181,150,31,0,0,0,0,80,58,40,0,0,133,1,47,0
"Pennsylvania","Bradford",2018,179,150,29,0,0,0,0,97,55,39,0,0,133,0,46,0
"Pennsylvania","Bucks",2018,161,137,17,7,0,0,0,136,67,37,0,0,161,0,0,0
"Pennsylvania","Cambria",2018,179,145,34,0,0,0,0,90,59,40,0,2,102,0,75,0
"Pennsylvania","Centre",2018,241,205,36,0,0,0,0,97,57,40,0,0,204,0,37,0
"Pennsylvania","Chester",2018,177,137,40,0,0,0,0,100,62,38,0,0,104,0,73,0
"Pennsylvania","Clearfield",2018,171,152,18,1,0,0,0,101,54,40,0,0,171,0,0,0
"Pennsylvania","Cumberland",2018,181,137,44,0,0,0,0,87,59,35,0,0,0,0,181,0
"Pennsylvania","Dauphin",2018,181,137,44,0,0,0,0,93,67,41,0,0,117,0,64,0
"Pennsylvania","Delaware",2018,181,95,85,1,0,0,0,108,66,50,0,0,45,0,136,0
"Pennsylvania","Elk",2018,241,216,25,0,0,0,0,97,51,37,0,0,241,0,0,0
"Pennsylvania","Erie",2018,181,143,38,0,0,0,0,84,58,39,0,5,115,0,61,0
"Pennsylvania","Franklin",2018,175,168,7,0,0,0,0,67,45,34,0,0,175,0,0,0
"Pennsylvania","Greene",2018,179,153,26,0,0,0,0,97,58,39,0,0,159,0,20,0
"Pennsylvania","Indiana",2018,180,152,28,0,0,0,0,100,67,40,0,0,175,5,0,0
"Pennsylvania","Lackawanna",2018,181,151,30,0,0,0,0,84,60,38,0,9,107,0,65,0
"Pennsylvania","Lancaster",2018,181,120,60,1,0,0,0,105,71,44,0,0,100,0,81,0
"Pennsylvania","Lawrence",2018,181,162,19,0,0,0,0,97,51,36,0,0,181,0,0,0
"Pennsylvania","Lebanon",2018,181,120,60,1,0,0,0,101,67,43,0,0,98,0,83,0
"Pennsylvania","Lehigh",2018,181,131,50,0,0,0,0,97,68,41,0,0,110,0,71,0
"Pennsylvania","Luzerne",2018,181,163,17,1,0,0,0,101,50,36,0,0,180,1,0,0
"Pennsylvania","Lycoming",2018,170,158,12,0,0,0,0,80,48,36,0,0,170,0,0,0
"Pennsylvania","Mercer",2018,243,174,68,1,0,0,0,115,71,44,0,0,188,0,55,0
"Pennsylvania","Monroe",2018,180,149,29,2,0,0,0,108,58,41,0,0,156,0,24,0
"Pennsylvania","Montgomery",2018,170,134,33,3,0,0,0,112,66,40,0,0,111,0,59,0
"Pennsylvania","Northampton",2018,181,111,67,3,0,0,0,115,79,44,0,0,100,0,81,0
"Pennsylvania","Philadelphia",2018,212,121,87,4,0,0,0,136,69,47,0,2,75,0,135,0
"Pennsylvania","Somerset",2018,242,215,27,0,0,0,0,90,51,38,0,0,242,0,0,0
"Pennsylvania","Tioga",2018,178,152,26,0,0,0,0,97,56,40,0,0,147,0,31,0
"Pennsylvania","Warren",2018,181,179,1,1,0,0,0,146,27,9,0,0,0,181,0,0
"Pennsylvania","Washington",2018,181,113,67,1,0,0,0,105,68,46,0,0,102,0,79,0
"Pennsylvania","Westmoreland",2018,181,155,25,1,0,0,0,115,53,38,0,0,135,0,46,0
"Pennsylvania","York",2018,181,140,41,0,0,0,0,97,58,41,0,4,119,0,58,0
"Puerto Rico","Bayamon",2018,140,91,46,2,1,0,0,166,67,45,1,0,0,1,138,0
"Puerto Rico","Caguas",2018,24,24,0,0,0,0,0,6,5,3,24,0,0,0,0,0
"Puerto Rico","Catano",2018,178,133,45,0,0,0,0,96,61,35,0,0,26,0,152,0
"Puerto Rico","Guayama",2018,167,114,0,0,0,0,1,995,995,4,0,0,0,167,0,0
"Puerto Rico","Guaynabo",2018,119,113,4,1,1,0,0,169,35,5,68,0,0,0,51,0
"Puerto Rico","Ponce",2018,182,151,30,1,0,0,0,108,55,29,6,0,0,0,137,39
"Rhode Island","Kent",2018,87,86,1,0,0,0,0,61,44,27,0,0,25,0,62,0
"Rhode Island","Providence",2018,142,118,24,0,0,0,0,75,57,39,1,8,43,0,78,12
"Rhode Island","Washington",2018,89,86,3,0,0,0,0,61,45,30,0,0,28,0,61,0
"South Carolina","Aiken",2018,205,184,21,0,0,0,0,93,51,38,0,0,205,0,0,0
"South Carolina","Anderson",2018,234,231,3,0,0,0,0,51,45,34,0,0,234,0,0,0
"South Carolina","Berkeley",2018,217,208,9,0,0,0,0,67,44,31,0,0,217,0,0,0
"South Carolina","Charleston",2018,264,233,31,0,0,0,0,97,52,37,0,3,148,0,113,0
"South Carolina","Chesterfield",2018,254,213,40,1,0,0,0,104,55,38,0,0,183,0,70,1
"South Carolina","Colleton",2018,273,251,22,0,0,0,0,77,49,33,0,0,174,0,99,0
"South Carolina","Darlington",2018,216,207,9,0,0,0,0,87,46,38,0,0,216,0,0,0
"South Carolina","Edgefield",2018,263,234,29,0,0,0,0,90,51,36,0,0,190,0,73,0
"South Carolina","Florence",2018,267,238,29,0,0,0,0,73,51,30,0,0,0,0,267,0
"South Carolina","Georgetown",2018,240,240,0,0,0,0,0,44,29,16,0,0,0,0,0,240
"South Carolina","Greenville",2018,273,215,58,0,0,0,0,87,56,40,0,7,156,0,110,0
"South Carolina","Horry",2018,245,227,18,0,0,0,0,87,49,36,0,0,245,0,0,0
"South Carolina","Lexington",2018,273,225,48,0,0,0,0,92,53,33,0,0,0,3,262,8
"South Carolina","Oconee",2018,272,232,40,0,0,0,0,97,54,38,0,0,223,0,49,0
"South Carolina","Pickens",2018,235,211,24,0,0,0,0,87,51,39,0,0,235,0,0,0
"South Carolina","Richland",2018,274,228,45,1,0,0,0,101,54,40,1,1,215,0,57,0
"South Carolina","Spartanburg",2018,273,214,59,0,0,0,0,77,56,42,0,0,153,0,120,0
"South Carolina","York",2018,270,224,43,3,0,0,0,115,61,37,0,0,270,0,0,0
"South Dakota","Brookings",2018,181,147,33,1,0,0,0,101,67,40,0,0,169,0,10,2
"South Dakota","Brown",2018,59,55,3,0,0,0,1,429,46,24,0,0,0,0,53,6
"South Dakota","Codington",2018,181,157,24,0,0,0,0,70,53,35,0,0,0,0,149,32
"South Dakota","Custer",2018,181,157,24,0,0,0,0,88,51,43,0,0,176,0,5,0
"South Dakota","Hughes",2018,179,176,3,0,0,0,0,66,30,14,0,0,0,0,179,0
"South Dakota","Jackson",2018,181,163,18,0,0,0,0,77,50,44,0,0,165,0,15,1
"South Dakota","Meade",2018,180,180,0,0,0,0,0,43,36,31,0,0,177,0,0,3
"South Dakota","Minnehaha",2018,182,144,35,3,0,0,0,115,74,43,1,5,143,0,33,0
"South Dakota","Pennington",2018,181,143,37,1,0,0,0,109,58,31,0,14,0,0,59,108
"South Dakota","Union",2018,181,138,40,3,0,0,0,112,67,44,0,0,142,0,39,0
"Tennessee","Anderson",2018,181,150,31,0,0,0,0,90,61,38,0,0,121,60,0,0
"Tennessee","Blount",2018,244,196,47,1,0,0,0,108,67,44,1,0,199,0,44,0
"Tennessee","Claiborne",2018,236,216,20,0,0,0,0,87,49,38,0,0,236,0,0,0
"Tennessee","Davidson",2018,182,125,55,1,1,0,0,151,64,43,1,11,74,0,96,0
"Tennessee","DeKalb",2018,228,211,17,0,0,0,0,87,49,36,0,0,228,0,0,0
"Tennessee","Dyer",2018,177,165,12,0,0,0,0,60,48,30,0,0,0,0,177,0
"Tennessee","Hamilton",2018,302,215,86,1,0,0,0,101,62,44,0,0,175,0,127,0
"Tennessee","Jefferson",2018,122,90,32,0,0,0,0,100,74,44,0,0,122,0,0,0
"Tennessee","Knox",2018,304,250,53,1,0,0,0,112,61,39,0,0,222,0,43,39
"Tennessee","Lawrence",2018,176,164,12,0,0,0,0,60,47,28,0,0,0,0,176,0
"Tennessee","Loudon",2018,181,142,38,1,0,0,0,133,64,39,0,0,111,0,70,0
"Tennessee","Madison",2018,181,168,13,0,0,0,0,60,47,26,0,0,0,0,181,0
"Tennessee","Maury",2018,158,147,11,0,0,0,0,59,47,29,0,0,0,0,158,0
"Tennessee","McMinn",2018,172,151,21,0,0,0,0,67,51,29,0,0,0,0,172,0
"Tennessee","Montgomery",2018,181,161,20,0,0,0,0,59,51,29,0,0,0,0,181,0
"Tennessee","Putnam",2018,176,164,12,0,0,0,0,58,46,27,0,0,0,0,176,0
"Tennessee","Roane",2018,176,157,19,0,0,0,0,62,52,27,0,0,0,0,176,0
"Tennessee","Sevier",2018,243,190,49,4,0,0,0,115,67,44,0,0,243,0,0,0
"Tennessee","Shelby",2018,182,130,48,4,0,0,0,129,71,43,1,4,129,0,48,0
"Tennessee","Sullivan",2018,181,103,70,8,0,0,0,110,82,48,0,0,76,63,42,0
"Tennessee","Sumner",2018,165,125,38,2,0,0,0,133,64,41,0,0,104,0,61,0
"Tennessee","Williamson",2018,122,96,25,1,0,0,0,108,64,43,0,0,122,0,0,0
"Tennessee","Wilson",2018,116,84,30,2,0,0,0,119,64,43,0,0,116,0,0,0
"Texas","Bell",2018,212,172,37,3,0,0,0,136,71,39,0,0,212,0,0,0
"Texas","Bexar",2018,273,180,86,7,0,0,0,143,71,44,0,4,112,2,154,1
"Texas","Bowie",2018,219,173,45,1,0,0,0,104,57,36,0,0,0,0,219,0
"Texas","Brazoria",2018,181,152,28,1,0,0,0,122,64,33,0,8,173,0,0,0
"Texas","Brewster",2018,229,183,46,0,0,0,0,97,64,43,0,0,215,0,14,0
"Texas","Cameron",2018,243,136,107,0,0,0,0,99,66,48,0,0,65,0,178,0
"Texas","Collin",2018,178,144,27,7,0,0,0,136,67,41,0,0,178,0,0,0
"Texas","Culberson",2018,20,19,1,0,0,0,0,51,40,23,0,0,0,0,20,0
"Texas","Dallas",2018,182,117,58,7,0,0,0,150,71,46,1,5,88,0,86,2
"Texas","Denton",2018,181,140,34,7,0,0,0,133,74,43,0,10,154,0,17,0
"Texas","Ector",2018,239,204,35,0,0,0,0,91,55,31,0,0,0,0,239,0
"Texas","El Paso",2018,244,105,128,10,1,0,0,154,84,53,10,21,147,0,64,2
"Texas","Ellis",2018,181,139,39,3,0,0,0,108,61,41,0,6,107,0,68,0
"Texas","Fayette",2018,207,176,31,0,0,0,0,96,55,28,0,0,0,0,207,0
"Texas","Freestone",2018,196,192,4,0,0,0,0,86,4,0,0,0,0,196,0,0
"Texas","Galveston",2018,181,149,27,5,0,0,0,143,61,34,0,3,147,2,28,1
"Texas","Gregg",2018,242,204,38,0,0,0,0,97,61,37,0,2,231,9,0,0
"Texas","Harris",2018,274,121,136,13,4,0,0,187,84,52,1,12,98,1,161,1
"Texas","Harrison",2018,243,186,56,1,0,0,0,108,58,41,0,1,134,12,96,0
"Texas","Hidalgo",2018,241,128,110,3,0,0,0,115,71,48,0,0,61,0,180,0
"Texas","Hood",2018,179,151,28,0,0,0,0,93,58,37,0,0,179,0,0,0
"Texas","Howard",2018,241,199,34,7,1,0,0,200,62,10,0,0,0,241,0,0
"Texas","Hunt",2018,181,163,17,1,0,0,0,108,50,35,0,4,177,0,0,0
"Texas","Hutchinson",2018,240,132,39,61,8,0,0,168,129,43,0,0,0,240,0,0
"Texas","Jefferson",2018,182,92,82,8,0,0,0,122,80,50,1,0,65,15,101,0
"Texas","Johnson",2018,175,143,30,2,0,0,0,136,61,37,0,0,175,0,0,0
"Texas","Kaufman",2018,181,153,28,0,0,0,0,100,58,39,0,2,133,0,46,0
"Texas","Kleberg",2018,167,118,48,1,0,0,0,118,63,36,0,0,0,0,167,0
"Texas","Lubbock",2018,232,204,27,1,0,0,0,134,52,27,0,0,0,0,232,0
"Texas","Maverick",2018,228,178,50,0,0,0,0,100,57,33,0,0,0,0,228,0
"Texas","McLennan",2018,161,125,36,0,0,0,0,98,64,43,1,0,124,0,36,0
"Texas","Milam",2018,205,205,0,0,0,0,0,29,0,0,0,0,0,205,0,0
"Texas","Montgomery",2018,181,130,44,7,0,0,0,150,80,43,0,0,133,0,48,0
"Texas","Navarro",2018,181,130,48,3,0,0,0,123,74,42,0,2,108,25,46,0
"Texas","Nueces",2018,181,137,44,0,0,0,0,99,61,42,0,0,78,0,103,0
"Texas","Orange",2018,181,105,70,6,0,0,0,115,67,48,0,0,59,7,115,0
"Texas","Parker",2018,177,156,19,2,0,0,0,115,51,37,0,0,177,0,0,0
"Texas","Polk",2018,243,225,18,0,0,0,0,97,48,32,0,0,243,0,0,0
"Texas","Potter",2018,243,180,45,17,1,0,0,161,89,30,0,0,0,98,145,0
"Texas","Randall",2018,241,145,87,9,0,0,0,112,80,48,0,0,241,0,0,0
"Texas","Robertson",2018,182,182,0,0,0,0,0,21,4,0,0,0,0,182,0,0
"Texas","Rockwall",2018,172,151,16,5,0,0,0,136,58,34,0,0,172,0,0,0
"Texas","Rusk",2018,236,202,24,10,0,0,0,138,59,11,0,0,0,236,0,0
"Texas","Smith",2018,242,203,37,2,0,0,0,112,64,36,0,2,240,0,0,0
"Texas","Tarrant",2018,182,111,65,4,2,0,0,166,80,47,1,8,93,0,80,0
"Texas","Titus",2018,231,231,0,0,0,0,0,50,11,0,0,0,0,231,0,0
"Texas","Travis",2018,213,104,101,8,0,0,0,112,70,51,1,4,77,0,131,0
"Texas","Victoria",2018,106,104,2,0,0,0,0,80,36,27,0,0,106,0,0,0
"Texas","Webb",2018,192,124,66,2,0,0,0,107,70,44,1,0,82,0,108,1
"Utah","Box Elder",2018,304,182,113,8,1,0,0,151,87,47,0,2,260,0,42,0
"Utah","Cache",2018,304,191,107,6,0,0,0,133,77,47,0,0,207,0,97,0
"Utah","Carbon",2018,303,170,128,5,0,0,0,115,80,49,0,1,302,0,0,0
"Utah","Davis",2018,304,176,115,12,1,0,0,151,90,47,0,24,241,0,38,1
"Utah","Duchesne",2018,304,164,129,11,0,0,0,129,87,49,0,0,276,0,28,0
"Utah","Garfield",2018,304,199,103,2,0,0,0,122,77,46,0,0,304,0,0,0
"Utah","Iron",2018,305,200,105,0,0,0,0,90,74,45,0,0,268,0,37,0
"Utah","Salt Lake",2018,306,147,126,31,2,0,0,169,101,51,1,36,217,0,47,5
"Utah","San Juan",2018,224,126,98,0,0,0,0,100,74,49,0,0,224,0,0,0
"Utah","Tooele",2018,304,178,116,10,0,0,0,138,84,47,0,0,252,0,52,0
"Utah","Uintah",2018,304,167,135,2,0,0,0,136,80,50,0,0,285,0,19,0
"Utah","Utah",2018,306,170,107,22,7,0,0,162,97,49,1,10,242,0,51,2
"Utah","Washington",2018,304,168,135,1,0,0,0,108,80,48,0,1,271,0,32,0
"Utah","Wayne",2018,20,20,0,0,0,0,0,10,9,5,0,0,0,0,20,0
"Utah","Weber",2018,304,161,126,15,2,0,0,157,93,49,0,33,240,0,23,8
"Vermont","Bennington",2018,181,163,17,1,0,0,0,101,50,39,0,0,145,0,36,0
"Vermont","Chittenden",2018,182,155,27,0,0,0,0,89,51,42,1,0,146,0,35,0
"Vermont","Rutland",2018,182,147,35,0,0,0,0,90,60,40,1,1,130,0,50,0
"Vermont","Windham",2018,19,19,0,0,0,0,0,31,22,13,0,0,0,0,19,0
"Virginia","Albemarle",2018,171,146,25,0,0,0,0,93,57,40,0,0,118,0,53,0
"Virginia","Alexandria City",2018,57,57,0,0,0,0,0,11,10,6,0,0,0,0,0,57
"Virginia","Arlington",2018,211,179,31,1,0,0,0,101,57,38,0,51,111,0,49,0
"Virginia","Botetourt",2018,175,174,1,0,0,0,0,62,19,1,0,0,0,175,0,0
"Virginia","Bristol City",2018,85,78,7,0,0,0,0,67,49,27,0,0,0,0,85,0
"Virginia","Caroline",2018,120,100,20,0,0,0,0,84,58,42,0,0,120,0,0,0
"Virginia","Carroll",2018,49,49,0,0,0,0,0,22,17,9,0,0,0,0,0,49
"Virginia","Charles",2018,208,187,20,1,0,0,0,105,51,35,0,39,115,3,51,0
"Virginia","Chesterfield",2018,162,144,18,0,0,0,0,77,51,39,0,0,102,0,60,0
"Virginia","Covington City",2018,181,181,0,0,0,0,0,43,16,3,0,0,0,181,0,0
"Virginia","Fairfax",2018,276,226,49,1,0,0,0,101,56,39,0,19,88,0,165,4
"Virginia","Fauquier",2018,121,109,12,0,0,0,0,80,50,39,0,0,121,0,0,0
"Virginia","Frederick",2018,208,180,28,0,0,0,0,85,54,36,0,0,111,0,97,0
"Virginia","Giles",2018,270,222,45,3,0,0,0,139,61,40,0,0,210,60,0,0
"Virginia","Hampton City",2018,212,193,19,0,0,0,0,93,50,37,1,4,116,0,88,3
"Virginia","Hanover",2018,121,100,21,0,0,0,0,97,64,44,0,0,121,0,0,0
"Virginia","Henrico",2018,221,192,28,1,0,0,0,147,53,37,0,2,134,0,81,4
"Virginia","Hopewell City",2018,50,50,0,0,0,0,0,19,15,10,0,0,0,0,0,50
"Virginia","Loudoun",2018,210,180,30,0,0,0,0,93,55,37,0,42,119,0,49,0
"Virginia","Lynchburg City",2018,82,76,6,0,0,0,0,55,46,26,0,0,0,0,82,0
"Virginia","Madison",2018,233,202,31,0,0,0,0,90,54,41,0,0,230,0,3,0
"Virginia","Norfolk City",2018,215,211,4,0,0,0,0,60,37,19,5,133,0,2,72,3
"Virginia","Prince Edward",2018,240,221,19,0,0,0,0,93,47,35,0,0,240,0,0,0
"Virginia","Prince William",2018,161,138,23,0,0,0,0,100,58,38,0,40,121,0,0,0
"Virginia","Richmond City",2018,212,187,25,0,0,0,0,66,52,33,0,42,0,0,170,0
"Virginia","Roanoke",2018,212,182,30,0,0,0,0,87,54,39,0,6,106,0,100,0
"Virginia","Rockbridge",2018,117,106,11,0,0,0,0,90,50,38,0,0,97,0,20,0
"Virginia","Rockingham",2018,210,191,19,0,0,0,0,77,50,34,0,47,119,0,44,0
"Virginia","Salem City",2018,84,76,8,0,0,0,0,72,49,28,0,0,0,0,84,0
"Virginia","Stafford",2018,146,126,20,0,0,0,0,90,54,39,0,0,122,0,0,24
"Virginia","Suffolk City",2018,122,104,18,0,0,0,0,80,51,44,0,0,122,0,0,0
"Virginia","Virginia Beach City",2018,78,73,5,0,0,0,0,65,42,26,0,0,0,0,78,0
"Virginia","Winchester City",2018,49,49,0,0,0,0,0,20,16,10,0,0,0,0,0,49
"Virginia","Wythe",2018,114,86,28,0,0,0,0,84,64,44,0,0,114,0,0,0
"Washington","Adams",2018,167,161,6,0,0,0,0,64,25,11,0,0,0,0,167,0
"Washington","Asotin",2018,167,156,11,0,0,0,0,70,47,21,0,0,0,0,167,0
"Washington","Benton",2018,212,187,21,4,0,0,0,125,54,29,0,0,92,0,86,34
"Washington","Chelan",2018,211,195,16,0,0,0,0,83,44,21,0,0,0,29,182,0
"Washington","Clallam",2018,213,195,18,0,0,0,0,63,48,37,4,0,153,0,56,0
"Washington","Clark",2018,212,199,12,1,0,0,0,103,47,30,0,0,89,0,123,0
"Washington","Columbia",2018,128,124,4,0,0,0,0,62,34,13,0,0,0,0,128,0
"Washington","Cowlitz",2018,182,181,1,0,0,0,0,52,34,18,0,0,0,0,182,0
"Washington","Franklin",2018,180,172,8,0,0,0,0,71,32,15,0,0,0,0,180,0
"Washington","Garfield",2018,182,179,3,0,0,0,0,53,25,13,0,0,0,0,182,0
"Washington","Grant",2018,212,203,9,0,0,0,0,65,30,15,0,58,0,0,154,0
"Washington","Grays Harbor",2018,182,179,3,0,0,0,0,57,33,20,0,0,0,0,182,0
"Washington","Jefferson",2018,182,181,1,0,0,0,0,54,26,18,0,0,0,0,182,0
"Washington","King",2018,213,175,36,2,0,0,0,147,58,38,1,78,90,0,44,0
"Washington","Kitsap",2018,203,202,1,0,0,0,0,54,21,9,0,0,0,0,203,0
"Washington","Kittitas",2018,211,202,9,0,0,0,0,62,34,15,0,0,0,0,211,0
"Washington","Klickitat",2018,49,49,0,0,0,0,0,48,30,14,0,0,0,0,49,0
"Washington","Lewis",2018,182,180,2,0,0,0,0,60,30,19,0,0,0,0,182,0
"Washington","Mason",2018,182,177,5,0,0,0,0,58,33,18,0,0,0,0,182,0
"Washington","Okanogan",2018,209,167,41,1,0,0,0,125,59,25,0,0,0,0,209,0
"Washington","Pierce",2018,212,177,35,0,0,0,0,90,58,42,0,10,176,0,26,0
"Washington","Skagit",2018,212,208,2,2,0,0,0,125,39,31,0,6,167,0,39,0
"Washington","Snohomish",2018,212,191,21,0,0,0,0,83,50,21,0,0,0,0,212,0
"Washington","Spokane",2018,212,187,25,0,0,0,0,84,53,34,0,0,86,0,84,42
"Washington","Stevens",2018,206,167,39,0,0,0,0,97,57,26,0,0,0,0,135,71
"Washington","Thurston",2018,188,183,5,0,0,0,0,90,42,23,0,0,89,0,99,0
"Washington","Walla Walla",2018,212,205,7,0,0,0,0,62,31,14,0,0,0,0,141,71
"Washington","Whatcom",2018,212,148,54,10,0,0,0,113,72,39,0,0,45,128,39,0
"Washington","Whitman",2018,182,176,6,0,0,0,0,56,31,13,0,0,0,0,182,0
"Washington","Yakima",2018,212,179,33,0,0,0,0,85,57,28,0,0,0,0,199,13
"West Virginia","Berkeley",2018,141,122,19,0,0,0,0,97,54,42,0,0,115,0,26,0
"West Virginia","Brooke",2018,273,244,28,1,0,0,0,110,51,20,0,0,0,73,87,113
"West Virginia","Cabell",2018,141,114,27,0,0,0,0,100,61,40,0,0,114,0,27,0
"West Virginia","Gilmer",2018,238,224,14,0,0,0,0,90,46,32,0,0,238,0,0,0
"West Virginia","Greenbrier",2018,116,106,10,0,0,0,0,84,49,42,0,0,116,0,0,0
"West Virginia","Hancock",2018,273,237,35,1,0,0,0,105,58,36,0,0,180,29,40,24
"West Virginia","Harrison",2018,59,54,5,0,0,0,0,58,49,27,0,0,0,0,59,0
"West Virginia","Kanawha",2018,182,141,40,1,0,0,0,105,58,43,2,0,92,0,88,0
"West Virginia","Marion",2018,60,55,5,0,0,0,0,56,50,31,0,0,0,0,60,0
"West Virginia","Marshall",2018,273,209,64,0,0,0,0,93,58,33,0,0,0,73,200,0
"West Virginia","Mason",2018,235,226,7,2,0,0,0,124,24,3,0,0,0,235,0,0
"West Virginia","Mineral",2018,179,148,11,11,9,0,0,200,103,3,0,0,0,179,0,0
"West Virginia","Monongalia",2018,158,137,21,0,0,0,0,93,54,38,0,0,116,19,23,0
"West Virginia","Ohio",2018,234,195,38,1,0,0,0,105,61,40,0,0,205,0,29,0
"West Virginia","Tucker",2018,242,214,28,0,0,0,0,74,51,38,0,0,242,0,0,0
"West Virginia","Wood",2018,179,168,11,0,0,0,0,74,48,35,0,0,113,39,27,0
"Wisconsin","Ashland",2018,176,160,16,0,0,0,0,84,50,42,0,0,174,0,2,0
"Wisconsin","Brown",2018,181,152,28,1,0,0,0,105,61,43,0,0,125,1,55,0
"Wisconsin","Columbia",2018,139,114,24,1,0,0,0,122,64,42,0,0,139,0,0,0
"Wisconsin","Dane",2018,181,141,39,1,0,0,0,112,61,42,0,0,109,0,72,0
"Wisconsin","Dodge",2018,182,143,36,3,0,0,0,133,64,43,1,0,150,0,31,0
"Wisconsin","Door",2018,118,103,12,3,0,0,0,119,67,43,0,0,118,0,0,0
"Wisconsin","Eau Claire",2018,181,132,48,1,0,0,0,129,64,44,0,0,116,0,65,0
"Wisconsin","Fond du Lac",2018,139,116,22,1,0,0,0,101,61,42,0,0,139,0,0,0
"Wisconsin","Forest",2018,181,150,31,0,0,0,0,93,58,43,0,0,172,0,9,0
"Wisconsin","Grant",2018,174,157,17,0,0,0,0,66,50,30,0,0,0,0,174,0
"Wisconsin","Jefferson",2018,134,106,26,2,0,0,0,126,67,42,0,0,134,0,0,0
"Wisconsin","Kenosha",2018,181,142,30,7,2,0,0,166,71,43,0,0,127,0,54,0
"Wisconsin","Kewaunee",2018,131,110,18,3,0,0,0,126,67,44,0,0,131,0,0,0
"Wisconsin","La Crosse",2018,181,151,30,0,0,0,0,93,58,42,0,0,111,0,70,0
"Wisconsin","Manitowoc",2018,132,108,19,4,1,0,0,161,64,42,0,0,132,0,0,0
"Wisconsin","Marathon",2018,123,97,26,0,0,0,0,97,67,44,0,0,123,0,0,0
"Wisconsin","Milwaukee",2018,182,130,49,3,0,0,0,122,65,43,1,8,105,0,68,0
"Wisconsin","Oneida",2018,181,176,5,0,0,0,0,69,24,1,0,0,0,181,0,0
"Wisconsin","Outagamie",2018,181,135,41,5,0,0,0,123,69,44,0,0,116,16,49,0
"Wisconsin","Ozaukee",2018,179,149,26,4,0,0,0,140,64,41,0,0,132,0,47,0
"Wisconsin","Racine",2018,129,102,21,5,1,0,0,156,74,43,0,0,129,0,0,0
"Wisconsin","Rock",2018,133,111,21,1,0,0,0,133,64,41,0,0,133,0,0,0
"Wisconsin","Sauk",2018,181,146,34,1,0,0,0,122,64,43,0,0,126,0,55,0
"Wisconsin","Sheboygan",2018,134,105,22,6,1,0,0,169,77,44,0,0,134,0,0,0
"Wisconsin","Taylor",2018,241,212,29,0,0,0,0,93,51,41,0,0,211,0,30,0
"Wisconsin","Vilas",2018,181,159,22,0,0,0,0,100,51,42,0,0,129,0,52,0
"Wisconsin","Walworth",2018,130,100,28,2,0,0,0,126,74,42,0,0,130,0,0,0
"Wisconsin","Waukesha",2018,181,141,37,3,0,0,0,122,64,42,0,0,111,0,70,0
"Wyoming","Albany",2018,251,132,116,3,0,0,0,115,77,50,0,1,216,0,14,20
"Wyoming","Big Horn",2018,249,216,33,0,0,0,0,84,54,42,0,0,249,0,0,0
"Wyoming","Campbell",2018,273,215,56,1,1,0,0,167,56,42,0,0,130,0,1,142
"Wyoming","Carbon",2018,181,148,33,0,0,0,0,87,58,44,0,8,168,5,0,0
"Wyoming","Converse",2018,273,258,15,0,0,0,0,67,48,37,1,0,173,91,4,4
"Wyoming","Fremont",2018,212,157,55,0,0,0,0,91,64,46,0,0,173,0,28,11
"Wyoming","Johnson",2018,44,35,9,0,0,0,0,64,54,47,0,0,44,0,0,0
"Wyoming","Laramie",2018,212,182,30,0,0,0,0,93,54,43,0,6,162,0,41,3
"Wyoming","Lincoln",2018,273,262,11,0,0,0,0,82,36,17,0,0,0,0,0,273
"Wyoming","Natrona",2018,211,165,46,0,0,0,0,84,58,44,0,10,167,1,32,1
"Wyoming","Park",2018,92,87,5,0,0,0,0,85,36,15,0,0,0,0,68,24
"Wyoming","Platte",2018,30,28,2,0,0,0,0,55,48,12,0,0,0,0,0,30
"Wyoming","Sheridan",2018,273,176,95,2,0,0,0,108,67,47,0,0,232,0,41,0
"Wyoming","Sublette",2018,273,160,113,0,0,0,0,97,71,49,0,0,273,0,0,0
"Wyoming","Sweetwater",2018,273,189,78,5,1,0,0,163,67,44,0,1,145,66,22,39
"Wyoming","Teton",2018,253,183,69,1,0,0,0,106,64,46,0,0,225,0,27,1
"Wyoming","Uinta",2018,273,237,36,0,0,0,0,93,54,40,0,2,175,0,0,96
"Wyoming","Weston",2018,252,207,44,1,0,0,0,101,54,44,0,0,246,6,0,0
